-- phpMyAdmin SQL Dump
-- version 5.2.1
-- https://www.phpmyadmin.net/
--
-- Servidor: 127.0.0.1
-- Tiempo de generación: 29-04-2024 a las 09:54:48
-- Versión del servidor: 10.4.32-MariaDB
-- Versión de PHP: 8.2.12

SET SQL_MODE = "NO_AUTO_VALUE_ON_ZERO";
START TRANSACTION;
SET time_zone = "+00:00";


/*!40101 SET @OLD_CHARACTER_SET_CLIENT=@@CHARACTER_SET_CLIENT */;
/*!40101 SET @OLD_CHARACTER_SET_RESULTS=@@CHARACTER_SET_RESULTS */;
/*!40101 SET @OLD_COLLATION_CONNECTION=@@COLLATION_CONNECTION */;
/*!40101 SET NAMES utf8mb4 */;

--
-- Base de datos: `pokemon`
--

-- --------------------------------------------------------

--
-- Estructura de tabla para la tabla `combate`
--

CREATE TABLE `combate` (
  `ID_combate` int(11) NOT NULL,
  `fecha_hora` datetime NOT NULL,
  `ID_entrenador` int(11) DEFAULT NULL
) ENGINE=InnoDB DEFAULT CHARSET=utf8mb4 COLLATE=utf8mb4_general_ci;

-- --------------------------------------------------------

--
-- Estructura de tabla para la tabla `entrenador`
--

CREATE TABLE `entrenador` (
  `ID_ENTRENADOR` int(11) NOT NULL,
  `NOM_ENTRENADOR` varchar(20) NOT NULL,
  `PASS` varchar(20) DEFAULT NULL,
  `POKEDOLLARS` int(11) NOT NULL
) ENGINE=InnoDB DEFAULT CHARSET=utf8mb4 COLLATE=utf8mb4_general_ci;

--
-- Volcado de datos para la tabla `entrenador`
--

INSERT INTO `entrenador` (`ID_ENTRENADOR`, `NOM_ENTRENADOR`, `PASS`, `POKEDOLLARS`) VALUES
(1, 'BENITO CAMELAS', NULL, 5000),
(2, 'LAS VERDUNCH', NULL, 5000),
(3, 'AMADOR RIVAS', NULL, 5000),
(4, 'KERRI CAVERGA', NULL, 5000),
(5, 'MR TARTARIA', NULL, 5000),
(6, 'EL CHUKI DE CIEZA', NULL, 5000),
(7, 'CALVO SL', NULL, 5000),
(8, 'TIENES UN SIGARRO ER', NULL, 5000),
(9, 'MIL EURISTA', NULL, 5000),
(10, 'PUTOS DOMINGUEROS', NULL, 5000);

-- --------------------------------------------------------

--
-- Estructura de tabla para la tabla `mochila`
--

CREATE TABLE `mochila` (
  `ID_entrenador` int(11) NOT NULL,
  `ID_objeto` int(11) NOT NULL,
  `NUM_objeto` int(11) NOT NULL
) ENGINE=InnoDB DEFAULT CHARSET=utf8mb4 COLLATE=utf8mb4_general_ci;

-- --------------------------------------------------------

--
-- Estructura de tabla para la tabla `movimientos`
--

CREATE TABLE `movimientos` (
  `ID_MOVIMIENTO` int(11) NOT NULL,
  `NOM_MOVIMIENTO` varchar(20) NOT NULL,
  `POTENCIA` int(11) DEFAULT NULL,
  `TIPO` varchar(20) NOT NULL,
  `ESTADO` varchar(20) DEFAULT NULL,
  `QUITA` int(11) DEFAULT NULL,
  `TURNOS` int(11) DEFAULT NULL,
  `MEJORA` varchar(20) DEFAULT NULL,
  `CANT_MEJORA` int(11) DEFAULT NULL,
  `NIVEL_APRENDIZAJE` int(11) NOT NULL
) ENGINE=InnoDB DEFAULT CHARSET=utf8mb4 COLLATE=utf8mb4_general_ci;

--
-- Volcado de datos para la tabla `movimientos`
--

INSERT INTO `movimientos` (`ID_MOVIMIENTO`, `NOM_MOVIMIENTO`, `POTENCIA`, `TIPO`, `ESTADO`, `QUITA`, `TURNOS`, `MEJORA`, `CANT_MEJORA`, `NIVEL_APRENDIZAJE`) VALUES
(0, 'Burbuja', 40, 'AGUA', NULL, NULL, NULL, NULL, NULL, 5),
(1, 'Hidrobomba', 110, 'AGUA', NULL, NULL, NULL, NULL, NULL, 15),
(2, 'Pistola Agua', 40, 'AGUA', NULL, NULL, 1, NULL, NULL, 20),
(3, 'Surf', 90, 'AGUA', NULL, NULL, NULL, NULL, NULL, 25),
(4, 'Chupavidas', 80, 'BICHO', NULL, NULL, NULL, NULL, NULL, 5),
(5, 'Disparo Demora', NULL, 'BICHO', 'Velocidad', 1, NULL, NULL, NULL, 10),
(6, 'Doble Ataque', 25, 'BICHO', NULL, 50, 1, NULL, NULL, 15),
(7, 'Pin Misil', 100, 'BICHO', NULL, NULL, NULL, NULL, NULL, 25),
(8, 'Furia Dragón', 60, 'DRAGON', NULL, NULL, NULL, NULL, NULL, 15),
(9, 'Puño Trueno', 45, 'ELECTRICO', NULL, NULL, NULL, NULL, NULL, 10),
(10, 'Rayo', 70, 'ELECTRICO', NULL, NULL, NULL, NULL, NULL, 15),
(11, 'TRUENO', 100, 'ELECTRICO', NULL, NULL, NULL, NULL, NULL, 20),
(12, 'Lenguetazo', 50, 'FANTASMA', NULL, NULL, NULL, NULL, NULL, 10),
(13, 'Rayo Confuso', NULL, 'FANTASMA', 'Confusion', 0, 3, NULL, NULL, 15),
(14, 'Bola Fantasma', 75, 'FANTASMA', NULL, NULL, NULL, NULL, NULL, 25),
(15, 'Ascuas', 25, 'FUEGO', 'Quemado', 0, 4, NULL, NULL, 5),
(16, 'Lanzallamas', 75, 'FUEGO', NULL, NULL, NULL, NULL, NULL, 15),
(17, 'Llamarada', 110, 'FUEGO', NULL, NULL, NULL, NULL, NULL, 25),
(18, 'Puño Hielo', 40, 'HIELO', NULL, NULL, NULL, NULL, NULL, 5),
(19, 'Rayo Aurora', NULL, 'HIELO', 'Congelado', NULL, 3, NULL, NULL, 15),
(20, 'Ventisca', 100, 'HIELO', NULL, NULL, NULL, NULL, NULL, 20),
(21, 'Patada Baja', 40, 'LUCHA', NULL, NULL, NULL, NULL, NULL, 5),
(22, 'Puño Drenaje', 50, 'LUCHA', NULL, NULL, 0, '40', NULL, 15),
(23, 'A Bocajarro', 120, 'LUCHA', NULL, NULL, NULL, NULL, NULL, 25),
(24, 'Arañazo', 20, 'NORMAL', NULL, NULL, NULL, NULL, NULL, 5),
(25, 'Chirrido', NULL, 'NORMAL', 'Baja Ataque', 2, NULL, NULL, NULL, 7),
(26, 'Hyperrayo', 110, 'NORMAL', NULL, NULL, NULL, NULL, NULL, 20),
(27, 'Explosion', 150, 'NORMAL', NULL, NULL, NULL, NULL, NULL, 30),
(28, 'Latigo Cepa', 40, 'PLANTA', NULL, NULL, NULL, NULL, NULL, 5),
(29, 'Hoja Afilada', 60, 'PLANTA', NULL, NULL, NULL, NULL, NULL, 15),
(30, 'Rayo Solar', 110, 'PLANTA', NULL, NULL, NULL, NULL, NULL, 20),
(31, 'Lluevehojas', 120, 'PLANTA', NULL, NULL, NULL, 'Ataque', 2, 35),
(32, 'Somnifero', NULL, 'PLANTA', 'Duerme', NULL, 3, NULL, NULL, 10),
(33, 'Agilidad', 40, 'PSITICO', NULL, NULL, NULL, NULL, NULL, 5),
(34, 'Psicorrayo', 60, 'PSITICO', NULL, NULL, NULL, NULL, NULL, 10),
(35, 'Descanso', NULL, 'PSITICO', NULL, NULL, 2, 'Cura', 60, 5),
(36, 'Ermano, Tiene Un Pit', 150, 'PSITICO', NULL, NULL, NULL, NULL, NULL, 35),
(37, 'Avalancha', 50, 'ROCA', NULL, NULL, NULL, NULL, NULL, 5),
(38, 'Lanzarrocas', 80, 'ROCA', NULL, NULL, NULL, NULL, NULL, 15),
(39, 'Pedrá', 110, 'ROCA', NULL, NULL, NULL, NULL, NULL, 25),
(40, 'Terremoto De Lorca', 100, 'TIERRA', NULL, NULL, NULL, NULL, NULL, 15),
(41, 'Fisura', 150, 'TIERRA', NULL, NULL, NULL, NULL, NULL, 25),
(42, 'Ácido', 30, 'VENENO', NULL, NULL, NULL, NULL, NULL, 5),
(43, 'Tóxico', 50, 'VENENO', 'Envenenado', NULL, 4, NULL, NULL, 15),
(44, 'Picotazo Veneno', 70, 'VENENO', NULL, NULL, NULL, NULL, NULL, 20),
(45, 'Ataque Aereo', 40, 'VOLADOR', NULL, NULL, NULL, NULL, NULL, 5),
(46, 'Tornado', 80, 'VOLADOR', NULL, NULL, NULL, NULL, NULL, 15),
(47, 'Pájaro Osado', 110, 'VOLADOR', NULL, NULL, NULL, NULL, NULL, 20),
(48, 'Chancletazo', 100000, 'LUCHA', NULL, NULL, NULL, NULL, NULL, 50),
(49, 'Pà Septiembre', 100000, 'PSITICO', NULL, NULL, NULL, NULL, NULL, 50);

-- --------------------------------------------------------

--
-- Estructura de tabla para la tabla `movimientos_pokemon`
--

CREATE TABLE `movimientos_pokemon` (
  `ID_MOVIMIENTO` int(11) DEFAULT NULL,
  `ID_POKEMON` int(11) DEFAULT NULL,
  `ACTIVO` char(1) DEFAULT NULL
) ENGINE=InnoDB DEFAULT CHARSET=utf8mb4 COLLATE=utf8mb4_general_ci;

-- --------------------------------------------------------

--
-- Estructura de tabla para la tabla `objeto`
--

CREATE TABLE `objeto` (
  `ID_objeto` int(11) NOT NULL,
  `nombre` varchar(20) NOT NULL,
  `ataque` int(11) DEFAULT NULL,
  `at_especial` int(11) DEFAULT NULL,
  `defensa` int(11) DEFAULT NULL,
  `def_especial` int(11) DEFAULT NULL,
  `velocidad` int(11) DEFAULT NULL,
  `precio` int(11) NOT NULL
) ENGINE=InnoDB DEFAULT CHARSET=utf8mb4 COLLATE=utf8mb4_general_ci;

--
-- Volcado de datos para la tabla `objeto`
--

INSERT INTO `objeto` (`ID_objeto`, `nombre`, `ataque`, `at_especial`, `defensa`, `def_especial`, `velocidad`, `precio`) VALUES
(1, 'Proteina', 10, 0, 0, 0, 0, 10000),
(2, 'Hierro', 0, 0, 10, 0, 0, 10000),
(3, 'Carburante', 0, 0, 0, 0, 10, 10000),
(4, 'Calcio', 0, 10, 0, 10, 0, 10000),
(5, 'Ataque X', 2, 0, 0, 0, 0, 500),
(6, 'Defensa X', 0, 0, 2, 0, 0, 550),
(7, 'Velocidad X', 0, 0, 0, 0, 2, 350),
(8, 'Ataque Especial X', 0, 2, 0, 0, 0, 350),
(9, 'Pañuelo eleccion', 0, 0, 0, 0, 50, 100000),
(10, 'Brazal recio', 10, 0, 0, 0, 0, 10000),
(11, 'Cinto recio', 0, 0, 10, 0, 0, 10000),
(12, 'Banda recia', 0, 0, 0, 10, 0, 10000),
(13, 'Baya algama', 0, -2, 0, 2, 0, 150),
(14, 'Baya ispero', 2, 0, -2, 0, 0, 175),
(15, 'Baya meluce', 2, -2, 0, 0, 0, 150),
(16, 'Baya uvav', 0, 0, 2, -2, 0, 150),
(17, 'Baya tamate', 2, 2, 0, 0, -2, 175),
(18, 'Baya aslac', 0, 0, -2, -2, 2, 175),
(19, 'Baya gonlan', 0, 0, 2, 2, 0, 200),
(20, 'Baya lichi', 2, 2, 0, 0, 0, 200);

-- --------------------------------------------------------

--
-- Estructura de tabla para la tabla `pokedex`
--

CREATE TABLE `pokedex` (
  `NUM_POKEDEX` int(11) NOT NULL,
  `TIPO1` varchar(20) NOT NULL,
  `TIPO2` varchar(20) DEFAULT NULL,
  `IMAGEN` longblob NOT NULL,
  `SONIDO` varchar(100) NOT NULL,
  `NIVEL_EVOLUCION` int(11) DEFAULT NULL,
  `NUM_POKEDEX_EVO` int(11) DEFAULT NULL,
  `NOM_POKEMON` varchar(30) NOT NULL
) ENGINE=InnoDB DEFAULT CHARSET=utf8mb4 COLLATE=utf8mb4_general_ci;

--
-- Volcado de datos para la tabla `pokedex`
--

INSERT INTO `pokedex` (`NUM_POKEDEX`, `TIPO1`, `TIPO2`, `IMAGEN`, `SONIDO`, `NIVEL_EVOLUCION`, `NUM_POKEDEX_EVO`, `NOM_POKEMON`) VALUES
(1, 'PLANTA', 'VENENO', 0x89504e470d0a1a0a0000000d49484452000000500000005004030000007c3fef9e000000017352474200aece1ce90000002d504c5445000009ffffffbdff73cdcdcd83eec5a4d54162d5b4ff6a6273ac31399494de4a41526229bd2920184a4a1010107db29f440000000174524e530040e6d866000001cf4944415478daedd5318bdb301407708f312581d2e98ea6432070fb4d85e62611c85a10043ab63cd07043973bba06020273a6a5c6f087ca6b69e9d02560f007387adcd02ea1825348b7335cfc198abc152a591fc0fff987de7b922c47519f3e7dfe97ea7b987bb44cc26495dc07c101df94491522d79b575286f4b959f34aca64df597abae2bc2a65da05572793295f2652762c3998ac2653ce65190ed3ceca2d4c4220e74b99cad4fcf4557ed9426921f0de73d0fcc416befa9dca1a247c90afb9945b65614eee25076b5e4aa949a52990fb962c65623491baaf01d0b91b8eae4c4e24b0036020dc830f359b5ba880c36c0cd7f1c466bbc85a085dcc0027ccce192c04a051fb205b809110a71aca0b73b6c8582e5e3f9e41a1f0c038634ce4f4e9ed912d7e40e19cf90d9b8b9ceeae9f284099c67927e38ccd05d1af9be7b6ae726f773c6344441f6eda49e0deeef8e9d64281a25680bbc5283e3eb290d4335dc0b8878e862f8e8972120f0fa82d744f2dbe58b7bbfd81a6561a67cedab645ecbe7e43118d343eba3f59f3a769ee3e5f5e887d148d3cc34423d5dc5e5fbea39634be37e0a08cd124f6dd8f99414eaa098091691a8d10180d3dd7ebdfe840381c8fcfc27e20c6fb3cf5e9d327307f0114a1fec880ddf5a40000000049454e44ae426082, '', 16, 2, 'Bulbasaur'),
(2, 'PLANTA', 'VENENO', 0x89504e470d0a1a0a0000000d49484452000000500000005004030000007c3fef9e000000017352474200aece1ce90000002d504c544500007910101010414a7b3129105220d5415a4a8b2020945aff7b7b6ab4205acd94ffaca483e65a83eec5ffffff9c54a2e50000000174524e530040e6d866000002804944415448c7edd5cf871b611807f0496cda5be5259dd1d26a86edacd0552af4b8613a0cbda4d96997b29af6edcb90cbcce5252497350c650931bce4d250c34bef4bee61997b0973682ffb6ff479df747bc9bcc99cda4bbe1362e5e3f9f1ce98d5b47df6f92f7952d2557bb552f44ddb3b2a05a3f68b382a05a39767f1f3ddae76751547f1c56ef87eb10018d54bc1b844efda620dbb25e015c06837fc0205e328eaed8267b1c885e7a9b721104df324ec6d81e47536c89c0f6d2819795be09d6c995d6733dcf63cefaddd239fd5105ce6330107d7763655c1033ccb129fb1fbdee92b97b80477ec03b84e8a2a6659e2b04f9e3f754842f40971fa2e6bd81b70b61c646caaf74f13e28803e863e2b0a9cf366ae241b664fec4b685c2a4afc317834c379afb4b9725be3b71305cc4d109b61d9f61bc392576990d6d31c1a2377298cc49d1e61df85d74b61df9ed17b71612766838624c5b172e816d0ae0dd50eba03e54127be898f83e83f329683dca4dcd34cda71f4d5342a6b349e188c33c0ff3150f1ff2b481c8e40143705a4513b6463984739e1a4d8a8c0069a8f8869b794e470206864121cad7c5a3fc071dad389fa3350c5470745bf00f6caa5e62df61c29518d1b40270a1a57824abc0281701b40dde7bb64a8712a654524b31e4b8c553b8c4318a090de53647efa0d8f0ebe5cd1a5a6a68006c1ddec25005abdf04e487e7bfd6cb88c50bb7a972b149da9530909f71f1da2db971f7527416e58cb1a2b599ceff1e8e414d8a148f44158e87a74d842c09ada1ea55d19a870835bd73af2b3ba76a4829a2d46c9a160d1085c55477fae74d5047f2a981d98c540935397b0541e00f03ee7abdcc7faf0ae725e1b024d41e1f1f97831539ea3efbfce3fc06528e43e6e34594130000000049454e44ae426082, '', 32, 3, 'Ivysaur'),
(3, 'PLANTA', 'VENENO', 0x89504e470d0a1a0a0000000d4948445200000050000000500803000000b9cf029f000000017352474200aece1ce900000030504c5445000000ffffffffee5283eede94ee94debd29ff837352cdac6abd4abd6a31de4141208b73398b29833100105241101010836260bc0000000174524e530040e6d866000004844944415478daedd8d192a33a0c04d010e2182ca4feffbfbd52db180809939dba8fd3b39002a313d966ab76e7f697bfec5222bf2f660e77eef7fbf3f90b92da338ad7f2596f7ea7e617246b7b8adee67bd27675af5dfe9bc7aa565e3cb35f26d568bb92f3ccab2f3d6551f59297290822411197aa7373bf23355aaad1e80377bd0798d4c90265974dfc6a35a1f3cc873dd19e264de12584593c89a32d3f8aaacf1e8a7705c8c1e5067abedc71e58c8ea04f19401cc941e6b9c587afbc72d8e167ed670e33259dfd00d4b39925f9cd0bf0e0ddeb9ea6744f736248f12e5586e07583eb5ccadcaa52cdccabfe6e771397604fe9eb596a50390723ed916bd04bb46bda69920aeddf47b0467f0051a801ea55bbe2e21c006dccce55b877217a547df264b6e94119e8fc22267297a0f2af730f3d05347ebc3ac46de352fa49ecde21ab871bc5be8685e06594a7d79587ae89d13e767a69ae5f47d6300871f61fc5f6fa93d36fc192d2e615403187880646da19b7ef40e619ada4526a7ff3dce60cfd05b876913ce1b5003760d9b508e06712ab171f0d0c928b8865d98371f93389de20b32da1b7b80458ad52c84fd37445c2b30007505d0a8d1e4e71f25397fef814a34b25d1400fa7bc022f9978bc13d9bd0f3351b9017b093870cc028aa7f622bd7e8fc4e012830cea3934f8c19193b84c8fc742d095bdccbaea6d3a491002b5f3ceb8f760ebfc60585283479f1bd85b1379a3b107d0075c8ae341ed00fac0c34f534b90149b752306bcb6478e15cd6205e22e413e51c56531cf826002c29b0d991ee46a760b4f881ec3c532d8388ef9953975c8a0be3aec010ba8f91f2e30cf8004a72a10e0c29b6aa9d7b5bdf62a8037639847c0901c5e290eca27b2615305111c50b28b8fd6633bc13bccd93d2d4f01c4f3565c3c2c89fac02082220e820ec7b89c407650099a50349267738a0a0831c6d822b1fe6580648fa83e0314938b26716b560785e014283f01098fa4a8301f45e6088a83199ec9416ae43ac958172f3dc6468f88344c36ea5bd1f2fe19cb6384f7362fbaceb603219f456b4f21b40cafa579e8ae7e8735d0787c1259c53116d8200e12603a28792448f1aa45ebab8df0f23048cef476f1f6060ef0b90a7e124db2e44cab82cf2227d0ca93609b719fb609deee49f764cc4319ec15141db437681b1a679cc19aaa8ea30c5a4e1db2b67a307a8c179d41a99a11316e6ff3cea11718a8b1097cdae6918c8c2def3d436b901e7316db5cd917cfcc7b4e2b0809f113688364b1d53139814d33f754c3b29d2719276f101982616cc8dea53828b659ea1987005f1b143b8100aa976319dd86c9ae31ed19ac79ecf2d31a32a83396002dc3005844ebbf42db7f7923046f976bc8c8b8db5d13403d85124f14bb7703b50b50f21e84d0a3d4a2c5f9ee7551e278075a7668f5d8e2c006bb37c4025af33a2883c48b6b274f2cdb90c93110c921f60c838d95432b0124c04164f4c1576f10f3a11c6a8ded7797332577981d3ce300e6f4223a380a557a02965b8b4433adbd63689d6280c421360eb6ee9b91eea9dcf78130a1caba6f221bc769fd5348b564f4bd3200c47e11ac26cbff9f80f9fb15f15f2ef21fe1dc7f2b1325cf270000000049454e44ae426082, '', NULL, NULL, 'Venusaur'),
(4, 'FUEGO', NULL, 0x89504e470d0a1a0a0000000d49484452000000500000005004030000007c3fef9e000000017352474200aece1ce900000030504c54450000001010108b2900184a31e63900de523941a47bff9441f6a400e6ac5ab4b4b494cddeffc562ffd508ffd57bffffffb25b84a30000000174524e530040e6d866000001c34944415448c7ed95314bc34014c75f8f065d84460882436d43637155c4b54807110acdc1e3288883e00750396e294eae1d143264f143f825ba7410c99ac1c1c1e5a07570f55d101ce42e011df35f2ec38fffffeedd7b17805ab56afd591e8f2a716b42295e059cce95529d0a860b035eff23a8a6c429599e4d47514261397848763787d82a052fc9f160bf02f849e0f2a2027844e0c75329f8ec2d08dcc532700398a9a2e4047a633b37cb8009a16418c5e0097b8566f900a0af78b883f1a690d6f4663e23d00b7ba7118f51a92b1bb89e656669f01003448cad8ea36c58ac7dd97572cd7c7807cff4c17d3c7f8becf569e65961b93697a8756cafcd28cfb3811999c59c6bfdea0267776665340ba1d6f6e8937cf47d18d5efb71d60f3a537283eba5b61eccc3eee01743ac082d86f3bc1e918d86ae5d15d3fea32701b31a2ee214e27f69e381b4323fd01eda711064ca81b6e0de8685d94c026098a027c77dc212a84bd045118307138329afb20e188e75aa70f8ecbf64cb362ec472929708010a1927e807c2f4def9d63c86883a409714e4380cd9438caed066573ed536afa40f1a5af19f37dbf05018aeb4aef7d03ab3c90c516e46a59ed5f633650ab56ad5ffa0251feb040ef1ee6f30000000049454e44ae426082, '', 16, 5, 'Charmander'),
(5, 'FUEGO', NULL, 0x89504e470d0a1a0a0000000d49484452000000500000005004030000007c3fef9e000000017352474200aece1ce90000002a504c5445000000101010942010d52952ff41006a6a6aff524aff947bffa400e6ac5ab4b4b4ffd56affde29fffffff5bb12300000000174524e530040e6d866000002b44944415448c7ed94bf6bdb4014c7ef840d1e3ae86c6c4840604920e856eb11430b05533478c8605abc1802b50ce7a153d3a16b281a3a784932998e264b214b8742d0d2c183072d2eb84340ff4bdf9dfc2bd65d6b4a3b14fc369f3e7edff77df7de117288ff23beed0b8ef6054b7fb5bed63f71bd478d17a410b44a17fb640b82a0dd221bd65563851682087d5c1d18fc892e5ff0e0c0e003a50be4a2562128ac9b6478ca94a528488287593d3e5091d1e97447bdc67958cf83ed240adad36db0eca9c852328bda49b07d8d658e11ee828f926932c284ddeeea8472ee2259cf81b351121162a52f615d621fc55fef8049320a6658214d7f70bf9e7587cfcbdc0b73e0cc41b0f89935333da3c9436671afbfbb03a3a98325f62600990504394b5d6eeed678fac199b6086312c4340688d43c079682174e249a534d33ed0af812f47337e338b2dbbd14c0c33c156834958d2c388e4858bc5d00f3f0730580a1b130d748e29ecb3633c670c2fa0688b0bd7eae4863784eb62f458250e30a3054800dbedb47043747146d6420d8660edcfa6f4582367381e5e7916e40bb89e0a0219c1115b86c8461cb46f38666abe9d29f981a8cf86ba807c36ca52417c7beeea1a8c9229d1517435d0ba2b621b93712f4f5603f1396dc9deb6b8b1c005b0bc777159d36bd063182c32c61fc450b92233188fcfd3bc9c597540f5e6f83753d48c762f887e75989a6a1b54d8eae04f8f6932c31fc054805c8fb12bc0c293475daa422b7693c46e51ab741f3368bb5117bf7748c811384e040c319c235b0c7e32bdcc301825cd7728010679acae7c22fe253a1016d00578e2bee3498440ba2cd6c1da8583f425e35f989da330aae1342879cc1fd8d123c9e4ce059473cdec89d2c8ae9f3b4d75181d6f77bb8ed2ca5cfd26a6aa5c7a612ec2e1c4b7e61224cabbaa04a9015e7846e9ba373ddcd98bff97d8843fc51fc04764cfd8cc08bc5b70000000049454e44ae426082, '', 36, 6, 'Charmeleon'),
(6, 'FUEGO', 'VOLADOR', 0x89504e470d0a1a0a0000000d49484452000000500000005004030000007c3fef9e000000017352474200aece1ce90000002d504c5445000009000000084152833118e64110626262207394cd5241ee8329f6a410eeb45acdcdcdffd510eede7bffffff6d278b2f0000000174524e530040e6d866000004904944415448c78dd6bd6be4461400f099d306b79a7540c221c61ec3f94a6d74201152f8408dc1ff4120902d5c5b56f1c48518362a6638b8eeca6d8c9b2048618e902290ca8d417dd26c61424811f0df90f766465feb8db32a6c64fff67dccbcd18ab1e175c2b6bb262793ede824cbb2ed426e0d271fb22dcb3ccbb69393d3bbe509658f9f653176d3341f107a75f48ca3ff4e96cd9d81f00c4c1066670df5c3cbea827971bc396e5ab1c9d95993513fa15671aa75f554c691a7112e97f7d929c240db4b5dacd7a7ab54176cd260894bca4d288e13adc6c57a297ddcf4729f35d80d42319552265a8fa47108d9d9b26908b27481ecfc7c7efcaebe18265e88c0400c8931094ec991ac6f06017fc08f07047179eeef4e2c7c796e64a9fa8e353a7988cdb0ecb4b9379bddc1f363d527a6805286154d6473b70e75bb985e293bc8265fbd666c5023e56ebbf12e2d3cacdcfefc2f34393c9b69005f55ed3038285f5958987210bab6bb6e1239842c8188f853e88194475f1858595844cc53b283d2b54d30c90daeec3dcac09463a094ae1b2a9120ee2ef8362414c953c82933e4f248e7e85dc81ce400da92f825415fa658fe1108b3a5b9cd6c8b94d276e3200ed00bfc1375cc786803b6d076433080dd146ff04f408b1862157397dbfc36b5538d41acb4f6d90b7928766957144e8483071c7f1ddb26e56189e3bd60ec85087182b1195c83b909753e676c3a80740e163e17e6dc09035f6274fc7980295be85d86e6c4cc44694fa8a056e6f36310538218d2c1dc1ee10ac09de5801a3ea0e594d100b2d01d76001b52d301948c0500d3620cdffe589503489343c5015e11156921d7aa561f2925cc026b17624affc190b4ae1d4c40e78fe611c2f8ae91a95e98bd7021a72e7550e86fffa66ef04157e0a7b43237768e00e764ea9e2a3c29e252cdf0542505b4ad6b7a367a943b62d3bc3d0b259505454ca95aa8ab9981b8cfc145fb00c02b7f63c2f59d6305becb1df8fda34c7d9a050893cec5610b0bb63378e6892c0b7228bac4aaf0124c6a73f33ef38261c41c933b87cd47bc85511730c52408fd9da45cadfeb011a1e0589d816dcfa1d25708df243e0b57ab5e062d2c1ce41a84cf5fef5711ff7ed5490bb119d541c6058b8b3fe305e3ef0d5c9990bb29415d96007eff0c879cce4c609d0939a3b5c53e951ac2240121225ba20b49df4840933a8a28ec567dbeea430645a86166e7b987b81231aeebfb015cdc968a0ad2a3d438364cb01e52ee4257416edcdb019cede3f2a723a89362764bae5b702b71bb740f4ddf1f2b410eaed7bfaeb5ea210d91001a9e51667395bafa690435d0e9827a0deee04cd72dfcddcd1a055ccf8c507fd986bcb130c7815f0f68616d62d67507dfd5d74f5e3de83cd5eeba29ed04edd54f02da93b3e7e0750705db04216f21382836bc1ed1f6c35e0b4b330e62d37b9439d5f99e832861340e83e135e76366646c967a6d9b4730c28351dfc4f533d03d15e88b0b97f33af86fc8a12d0a5ff36273078b8d6f7bc1a87aba2bcb4ddd7c72fbcb301785546a13fce6eb9f7f1d433cd39ba0f867ff56f8e392af36412ef8702378f05df2dbd5c316afdae2f1e1f1afdb6d5ecaf7fdcf1ec43690fb7c50e2bf7214dcb2e18eb0490000000049454e44ae426082, '', NULL, NULL, 'Charizard'),
(7, 'AGUA', NULL, 0x89504e470d0a1a0a0000000d49484452000000500000005004030000007c3fef9e000000017352474200aece1ce900000030504c5445000000101010622900832900417362bd6a00cd7b295aac9cd59452e6ac5a94d5cdd5cdcdffd56affe69cb4f6eeffffff0c7019080000000174524e530040e6d866000001b64944415448c7ed94314bc34014c71b0874ed5935a88bbb6306d79606021114bb3a297a5068a0a1c107f72d04891ce820160f6e50048b827ba110bf41f3051c3a09aebe2b5dfb2e3838e5bf85fcf2deddfffd5f6ab54a952afd8f008272dc7caecb9075e4b46ed9c1c3f91782232be73e9982254aba08a93260889000a1531bd8311577de5462038f84d6f7ec15ac60c780cd6f3bd8c6d6cf2540d798f3d0fcb182ce97c0de0aecadd78ddb1042a31e50560e06ceb60a82ce3eb404e95094b2a4c9b90f89d06183480e76f586be0fe9ba1e51a019f47d8837d97ad3f46c70d22a656c4b469abeb70b003d29f9b950d020dd09e032cb7af935b6dfc5276225d8e6ac57e4931036bab5402bc2cb787657cc26576cdc757146442ce3024129f7c6dd90de9d05d847f018c42852abafc43fe36292cb93f11a403422c038e392e7d38bf72ea4421326c5455c4cfbd3b38f6348a8b4d5fbe68cd94d7a6001c5637e8b20eeeb0b80b7ba735d3f722ee50dcedc84835141ebc98c9f23e8519c09da50cacc806d46c5c2c1d8f89c9f0a6d5b2f0f83e633165af770497836d05551628ee660613ab9cc59bc77d476bb51ea97bffca052a54a7fd72f5d87d3c82bd609de0000000049454e44ae426082, '', 16, 8, 'Squirtle'),
(8, 'AGUA', NULL, 0x89504e470d0a1a0a0000000d49484452000000500000005004030000007c3fef9e000000017352474200aece1ce900000030504c544500000010101041417bc531006a4a188b5a20946262626ac5cd8320bd8b39948beec5bdffdec58bc5d5dee6eee6ffffff1ddf38540000000174524e530040e6d866000003264944415448c7ed95cf6a1a5114c6c78154c8a633a154ba28465b10049345fa021609523042d7dd08722b825065e082257113641e209becda1018b841dd27af908d215810aea12e1210e60eed229680737aee9840d171e2be39ebdf7ce7effd46519ee27f0cb624b73a5e161c3e28b32f8160a77bcf01fc0e06abf79c103f97505c0557082db0c429d87085fd3db817570bd3780484dde7818a61d7aa33666185e211909d31c630b3b0bbc1a9cf1ec07ea0a07272762a41f1582fca57292841119c392c39ca1a036107670e2377c4938cf360414565ac1e8b262d7e8182eb0160a8ce6ad56892d562a8fe2b007c8ed36ee4eb8cd6d615d55df306c698bf22ab568e92946a4a826e60fed536b8dfe6c16775399db8458d4c264d6b08b601e0c6678ccc8b8491c35d5fa2ecaa83a03b7feb8923c4ac98b103d705528cc8c304d68175bff158b1e8d60ef4cce636296a4a0bee9c110ce773c7f5b5adad77cead699a45420a4a07da30f60395c89bb8be0325045192681d6860917e6b52e38ce5ff98e654b27c051b00f3af27ae84e57cf2b71e98ce90b203297c8e73cd6c262467e5af25b74f48a60c30e4f6eb3970e34e4ef1f8aa27c12c21e403c024ae8b8bd9ccd45b8c016929d86c628d38edd440cc761d1d5360b83e2865b266b6848a15047785a074e624c6743341a93141bd74532ae2a6dd3d71e3b8335546680dc18a6c7abf241511146d174739935c458c526f3afb5345c71d0ddc3de8cc3a9b1ad3753dff8fa21023c74dd90d1f670b9d7b6073bbf9008a61c2cf0257cef31309ca319281102dc776c0f5d9f6cae1c1a46412822741ca68046dd7c6d6fd5ef9a7b7bc8750610a622f2d5c8f1ff8d1ca49309b7e413e2328ec0e80af4b27598e1352c45ed211342b31baf22d51be060341af17546c8bbef03722f5e4f498f70a4d0f1c8881dd5ae06c4974c8dce54bc9910a8e87b706fece9644e7cbf1a207a6b8e0fd05cea6ca9334f8944c71ce7779575b045a348724be6b047ff0057f8710458e1adb9cf732ef91dbe5fa0287948746ab87990ae7a900ee1ed4f45707ba8e1576f5855e1a9182f881ae2b789b01969f98828f866ac9cc4b80a1352bb28ca02c2ea4294ff1144bc75f4a9d0da755dc36050000000049454e44ae426082, '', 36, 9, 'Wartortle'),
(9, 'AGUA', NULL, 0x89504e470d0a1a0a0000000d49484452000000500000005004030000007c3fef9e000000017352474200aece1ce90000002d504c54450000090000000839625a39184a4a4a2062ac8b62415a8bcd94949494ace6d5ac4ae6c573cdcdd5f6d59cffffff44880f2e0000000174524e530040e6d866000004194944415448c7ed96bf6b234714c7579cd3fbad7e19b307dac96da4049f89d8208e7004cb08222eb2881606e11002c2870a771259266a0e64546c11ae0804a352717031c16d8aa49270a16210dc950e5bf838830b317f43deac7e9ced5ddb57a409dc6b56a00fdf99f77defcd8ca67d88ff517cf4edfc07b907fcf4978c4629d5087b54ba134c1f3a9431e664d986d8ba13ecb4998ab66b88e11d5cec47c6ea0149c5ade003dbb6f3adafd92cda4278ab21046055b30b4d7b72de4acf4177c30b835ff242c36e36f72632d94abb59d657e45a187cc0f95133d56c7e25a5d27358e7103f2daf1b16dce7055494f20d26e28a347331a5562f2c7814e7470d14bcd451e987fd0b861665d71261c13ce02e6d2941812f52d27228258fb4b020409c379ecaf300642939b228353221c152114ac5c25e1541608ba04f49464b5c2df74a498e13e552fcf9445e02d4597b81b61cf2fdf9bb7dae54a59443af9750df2e5868ce229296639c2e3357ffcbcbb56e25f842929e6497a043736201ae4c8b884c130929472437edeadff9af8932d36435ea5002cb953181899c16abf2a2ce9cdc181efabeff1b92d4044a75622c14ab4580ca54a0e02e16b8ed15d77d45a23dd4a44427cba5ab25004308435ef4fb58e05c171478c64dd07582e0b225ab6862450cab28d847c95c6f806bffc331060a349749afbc2d157f16c397d319d8f69ec11f7f2b8e0321e6bb5cb4982896c5383179d341d025a6f76c100fb8bc02e14a6112428ce1b918b17eff574cd6dc51ad849c6e12f37a9b01404a819dfeae4ae7e199ea11d0899a8eeb11b7f30a646eb0cb961fac3c80f0f0c56d1bc47006ba8e89de28508b04e3957196d57197bb87eee380cc478279bb22922cab76d9676df4fbd83efb3c0c627bdb5f8c0f5876becb8f6dbbe0f3d58853040f8827652f1d8098f7e9898f09dd02aef5ca5d8bd53b876df293d8c1121edf067a89b25a9c6dca6d8156f2412612cc0bef9bdfc1cc32ba294f2100cd48108fc23fd193a43bdd7ef9d6f7ffe2bc4122d68ee78530e113ce5f81dc8653950ad789190912ecb0cf4efcd7c68e0fcaf0636cc6b064cc18a9a1731efbfeab79dbe609a1e17462229850b7d65463a0387b402c5a0b9766343f45d6f70a98073fb6718b943a2141a22f40cef7d0d47d9c173586999b1c2173b0c6e7a12b457a231bcc2f7d031ce058597781cefa5c104112b5f40c74a913df9f0f2a8e7ed871dd9c9d5f945a29958be28819519a181e8a81204de215d2c4010c4888a88c550f046b34d56c4060838a08505dbc68709206b35c9e83bdad0850c5a268e58380cb79bd90a4a5eaa02f8c8ba95d6e7473e11b4ec3c35a714b8711150222b249525371b5ab9d27223a1cc1206ad73c8b7a1e1c582130324a22899525f78386d896c491d6ea7d604cdd349bf2fcfe6716de8778d30cdfe341664c412b6dbd071869c687f8afe35fc84c1b467b10e6e40000000049454e44ae426082, '', NULL, NULL, 'Blastoise'),
(10, 'BICHO', NULL, 0x89504e470d0a1a0a0000000d49484452000000500000005004030000007c3fef9e000000017352474200aece1ce900000030504c5445000000f6ee8be6cd94acf641ffb4396ad531ff7b414ac52931ac417b834aff414152624a207b4a7b394a185a4100000032db80250000000174524e530040e6d866000001b74944415478daedd4314802511807f0b7869a3c21489afc203871b8e1686c736aab78e8508d0d828341e85a4bdf20673a250d6d0db78437252e61084e97834308521881441c260416e58bb3a0e9bdd71adc7fb85b7edc7def7def7d84f8f1e3e7df26d4ff7d4ad34f76080975d73a2ad84b6689fb94cc8c94f03ceb6e7733961286acdd7e2f635db8ca223f2dcbb2ee5ed3572a18ee798eb12d157c7cf75c3e9f527df2e1b3cf588ad2c2bddccd6faede1a2bb9c478b1a480fb86b1c2720dae84053c622cc7b9a680e4da48b7d8ded99b0a06370db6c5d200285e4c7506d36eabd02a20a2b08973b1630f0e591187885872849046bdd72bdbc167449c982218a04bb3163a4393b7718a4c54642096f86e367fbbe11c0f1684abb1bf611d00ce3e70797d2487015a0180362e6f0861e00796014e4ff050176f767d5662a54ce3914b444967ecd911e4555a8b4c241b4e48bbe8fdba46ab367c2097f4b989ce15a99529d5b9c665d730a80d8ace4b9452000da5d0d4b4c1384a971a80f243363d34b134b66d6a2b60104d4448bc4426a898141313e3003a6f73d5ed6f0ec0eba0ae1c28e169335e017df487491abce17c44fcf8f1f36ff30502dbb5efc306fa8c0000000049454e44ae426082, '', 7, 11, 'Caterpie'),
(11, 'BICHO', NULL, 0x89504e470d0a1a0a0000000d49484452000000500000005004030000007c3fef9e000000017352474200aece1ce90000001b504c5445000000ffffffb4e65283c54a6aa44a6a8b5a4a6a52394a410000006486cbc20000000174524e530040e6d866000001284944415478daedd4316f83301005604f316ba67686a17b9e81eea1616f7290b105e1ac55839b8c95d204ffecca28337753d581377f7af69d114acd9933e7afb27813c2e64958180b6113e34354f89ae05b045790c11632b800806761a108da0053fe6cbd6a81940430de022d6a167ec629f2ade0924d92c23d5e58a8d3f440d9d23f7097d4893547bc2f37dc6b1f63188becd0ef799867619366ba52234189d6ec807252ea755862fe42b4463905a35d801911d16e12aadeb68071414e2fe886ac3714203376047454f1854a5db0190bcfdc1bdeaaaf6b28643f9f9fa23a93e4e8a828c699b96102ac47587b465ee90ec973709c9a6aeafce43da33b74b6ebf692b31d5906eab1b2264b1db3a2c1d57472b6b2dcdcca0f2767ad1ff8df4ae4bdf76ace9c39ff2cbf2ff863855f143e030000000049454e44ae426082, '', 10, 12, 'Metapod'),
(12, 'BICHO', 'VOLADOR', 0x89504e470d0a1a0a0000000d4948445200000050000000500803000000b9cf029f000000017352474200aece1ce900000030504c5445000000eeeeffbdbde6ff9cb46abdcd9c9cb4e662838b83ac8383bd527bc57362acde31315a4a736231393131520000003a6ec8010000000174524e530040e6d866000002b94944415478daedd8e18edb201004e0b297a60b1ecfbeffdbd6bb40a82f5248507f54aae7c729e2accf03eb48567e5cb972e5ca3f13b3bf0dc2d65d33034a39afb182385f0ac06cca914c474a358738dc16949494349b7ad014f993b4010ece43f29558fb29d213f9ed10917a40da4b0f5e10a9934fe0d953a409a871d1107116eb67a616c8ab4d07983c27f1191c9edf5de7605ce96523d6418f9dbc5e710e26d0a34fa2f503549241be09b2a5ea2790e3ff9a3e02e3ef13d8bdc81cec07372e1e9bb60af6d53741ea031c2206d8bd71cdf4c10e513b9846c501a648bdb904f8b222f06745ad153b98523a6d423103030170deb44fd7489a57eadef49b37a6721e8c4832524dd500a188d4db0093230c118d1ba450c85d03d402c81102c125ade0bce22045486edbae08b0145f514935e17d222617f7fbd77dd72370b0f8925451df0101a411dfeef6d5402d000a2532bc89d8c60ca9a088835b096fbfdfb7bdb081c05b60dfb2a265dfb643f1e07ed0db1e603cafcd9bce7944bc61f7caf6e5e04600888a039c571ca0a1e45b8683e16d269151703a676d1a2256703bc282ddb9016a03e7226ab43614030f301316de1ea002dd9b83a9a58325913913b0f0e01161053f3c4511409c4874c6cc10054fde5c4c3dea55e497e191052fe6d234150f0b1f5cf594e6defba2078e56af1478c8360f0bee13714cc6db944256d13cab2f9e1a20ecf0f22d44e66cf5f816405a0424db830de403e49a68a4c66991b400c9da902eae80fa78c501c1da303c62a162cc44aa67d9009275ca64545c01a189247f32bb586342cf128874a47a995639436d0d2c80ee4184f996b3c5636414812c37acefeee2e3c8e64b390728e4c2505cac60be1d69603607b1f8d850e187e81e7d85b957442bb83496b6630ffd5380eead807430fb86236e9b1919deaa2866d657185d2d569644fbde8533694edaf573c6952b57fe9bfc0685f83af5dc2b16260000000049454e44ae426082, '', NULL, NULL, 'Butterfree'),
(16, 'NORMAL', 'VOLADOR', 0x89504e470d0a1a0a0000000d49484452000000500000005004030000007c3fef9e000000017352474200aece1ce90000002d504c5445000079fffffffff6bdffee9ce6bd62ffac73bdbdbdcd835aee6241838383a4625abd2920734a31412918101010cc59d11e0000000174524e530040e6d866000001c5494441547801edc1bd6adb501806e0772b897fe6ccee502874fa0486e24d070ac5d656c8557891e103a37a2bb818025eba144a690d82839d298341c5a8a941209490cda0c6e18898042ae75c43f1051cd95387a2e741a954fa47421ca6eae1f82b0e107957df4300a82621cc2422df6bb400241127309abeac315f3643a0ca91c7214cbebd58f1f4b97000dfe388073079d648fb9756e7f106fe4cae58c1e4b8114f45e79143c4f1cc1fc06cf96a2ad64ffc5ec5e9955430ab39cb4e76b7f2667fd6492251e0f7f26776b7e5f43cea112530fb30d21347f7e3946d6a520893cabbe105595ace985da2960393cae9594eb4955366b6a9e7c0a432cc73a25446cc3db284039368118c88621931bb4442c1241a9c5e10b5a5cfccaed586d1aaaf6da296f499998503a3aafc454414c7ccdc130a4635691311b553c92c1d1458d38e752ba594e72850a51dab134b2915cc74fd9e76849652c3ec28c817446e9326426b14f874f270726fbf26f7ad100a05c641f679e33669e2080745bee820387369d2debcb946311dfc70eddbeb2d2bec91cf371305e40a7bd4874f6ba03e5f608f7a1700f2e148a1d84317c0d1fc63a050acae008cbbe32e0e91e94ce1101a1aa552e9fff7172b9ad18de8bb0b160000000049454e44ae426082, '', 18, 17, 'Pidgey'),
(17, 'NORMAL', 'VOLADOR', 0x89504e470d0a1a0a0000000d49484452000000500000005004030000007c3fef9e000000017352474200aece1ce90000002d504c54450000092020204129207b3120c531298352317b7b83ee6241ac7b5affac73e6bd5ad5d5deffe68bfff6d5ffffff7c4792200000000174524e530040e6d8660000043b4944415448c7c597c16be34614c6ed4db4cdd113e2ae314b71d30d352607410c0b6959e25a201cf660074485d0bd972574b160684fbb06c320bcb782c931da4c11832e7beaa15070405b63de9fd04b7a2925b07f43df484e2c3996ec5b851106fff47df3be793323170affc7b5c3360419bcd94c70b421c800ba1b0a6e06a260b878ea4daee0027479b660907476457723e7c28ec89254d0799204b324cda59a2d315c2d88ce504ad626fc95922693ceec2e949dae22564a2a6c68c36407a6f7e9d4ac959226b343288d16a0e075e1af9034871082b108088b16ae60dd15ce104eed44dd2e922b241566431802ccee41458282190f9c03f02195b8859cc196cd2578980e1225b918b2b9b9763277b640963231cc3bcc304c047d3396d46862886043e57e2d58d1102dc123c96dfa63d2d99ee274a7402e84c96a85824edb47476a9ce2cc061bb9bb7c14722f3940c123ddd1daeadc19ad931dd9abb8dc4049c66a7a9f3a3aa57d04d157a2c946535cd4331a483ebbe8fc821c79ae2a03805124b8c851b1a4b1d8c7e9e98c2f3a1794148a27e6409adaa91cadb816398f9d9fc6c8a1976a3690c1ee81b7a989f14554fb95d3e98c5b464f168de014c71826e64b314855702b021dbd5f61ac84b520186053f448b2078a73f3aba6e37c434cf6b6f06810c02c4e27b9bca2511a786b3aad4fa4cc865d09429c4e2247d96768cd84386a7ff89ba064a92ec1b0f11024f14476c6a7c184542488b5d8a115a4fb8c946596dcbdbaa00e0082bd7a0366a3d89aa4fb9ecb667bdf2765fcc5640316b972087be5743bcb2c71ed54092aeeb23938c4d60dbb0f40577e9a0ecc30c8fa4020170a91dacde675e32ee05eea2f01fb1225852c6339c6287162f133bc5f567d168152cd4ea713d56d14b91575465d72ac2182e9f02c080f97c14814cde7200aba702d6c380b92ebfaae1ccb6f087f0433c686c2e5412866107e99da20e5850dc4f72ddfc35121890f19565dfa92e5ada67a898bccf22408beeb737126bc95a751b15494ad318afa00383ff00271b0fad8526439873138130dfc7abd6facdcdb45afba003dc1e13ae358e915aa3eccc1334f7839c765d59b835363df320eb20fd3e26e847d7c151ab5dddc63f711629fbf3abf991ab5fcf359c12de40fedfc66162dee9ceb9d0d1f6ff517af610db8f36e04930f7b6dfa741df8d714e0e99e86602903f9a1adc643c4ce9e685a250b7cfcef585323908398ec69952ce7f3df5ee036bbaddb20ac59f0a4c5b3c022f9f40f6deaf46721bcf2afb4c54b9973724328a52d222e49f18bdbd6a59a09960a9fd1d727058252addfab9a9a93cd368dfd8aa7e4b8d9de00dc3bd58edfe7499e3b31d86ce4838f6fe305b7a535b4b67896e33d5f984d4d4830b79c18fc4e82de5a70cb41503bf6b4fe3a909e4a30f89e9ee4833a7d099afe2dfc49d575e0214838a4ce1aebbe04712bffbab96690aa6d3fa7fdc0fe6aed9bb2a23ca17ddbd8e4a57aabef289bfd4150972afe0fbb3a9e47fd2cb80a0000000049454e44ae426082, '', 36, 18, 'Pidgeotto'),
(18, 'NORMAL', 'VOLADOR', 0x89504e470d0a1a0a0000000d49484452000000500000005004030000007c3fef9e000000017352474200aece1ce90000002a504c54450000001010105a39298b3920d5311873524aee6241ac7b5abd7b7be6a49ce6b462c5b4c5ffe68bffffff6034a2120000000174524e530040e6d866000002f84944415448c7edd6bf6bdb401407f0535cef7e8e5dbbc2013b104cd214e2ca64b77d64c864070e8ac8520a1e4a1707c2d1d0c585c0053a1502d6d0410677105aba75c9e0401210b7a490d1ff4bdfc972da50ddc574cec3837f7cf47d77d25927429eea4f6519eb2ee55c29a7b0043d0c25d634f7988348caa8df0fafcc2ce3c8507eefabda31c2ddf791bc8e5dbf630cec7f88e4dc51ba638461a802dfc1aa1992dd1802045d87b64cf079f8e9ba0fac174c9e996161ff64ef2d14b98dd0782633fb279d0b2871bb4bcdd082426b06c08bd4dc9914bd1e202c1dd38e2930f3daf346f9ed29c0a0a5718eb38397afd946f8454a809ec635f11c3b4d4adbde79b9a256194b879916aceee145a37b9be553058b1a68e1d78e72722a86b818073a181757eb550206ca22334194973528e1fabe29b163e3d95eaf730e41286f38e726085c951dc47460b87ab1e347811a6addd0bb348783784e757def2490f36d052ff5bd4b0b5831c3fbc039d4f72ef1a3079069e160d1fb30861bbaab5dabd497822b328ae131636658c179c66c018b5a384e1c0b4dd052e7836f28d7938fc2a3398c2203b415ccc79ded30c4e657ac971a88bfd50763c60e36182eb34046fe241d62bbf1d698ad07787b8acb9fa4770e43f5eb7a700f271a182c0a92b776eae2b13021818b43dc9c06bac9d012e7fb44d3d97d18e8e73470f23030d02cb17f0283ae01b2bf02d34738ef8c2fdf5ea2b3ef268d5df5213dd05569e8c6f3614e7481d8d955a3f3f3ca8dd5213a1807fa85f6969a0604c150f3d7b76d0cf40b94aa3116a85bd6414b4d035da78d47d00e943f13dd6430106fe0401b0a92b2a8eac6d8050c6c51da1035dca42df1397d36d92eb1b07181765a62e8e050841882eec9a7010d4a9b65a1e6712084e77d3cd76ed4b4d310e2141bfc14a337ded70bdd1392e5386521448e647f88b3f3cdd94bfd3d1c469b2371d6b572d68b3b98d5b46e6576e48dce3c35b6b53bb256d5ef1eb3bc775afc76ab202379c336f32b3b1b92b5db640f35c0eacaac4ab2b0cc93e3ab1c59ae803cd57fd46f768dd78fa184683c0000000049454e44ae426082, '', NULL, NULL, 'Pidgeot'),
(23, 'VENENO', NULL, 0x89504e470d0a1a0a0000000d49484452000000500000005004030000007c3fef9e000000017352474200aece1ce900000030504c54450000001010105a104a9c10007b316a835210c54118a44a8bcd62b4b47b31f6734ae6ac5aeea4d5ffd56affe69cffffffc1195f200000000174524e530040e6d866000002144944415448c7edd5316bdb40140060c9109c6c776edcacb63bc843a678eb9480c06b3308529252baa4d029118167b0970a8a1e441d3a9a928c19b4793024082f81921b6ec9602884cb3ff07fe83bc9810cbab3e7a2379de0e33dbdbb279de35451c57f165bebc2eb0f6bc22b2b8c61f0b2fc688328a5085f4acfad4e4a6c150fe389d16d6a27455434bdf86584c96b38fe6d7ec791947f8213cc6b6f5ddf3163e5443e7c9ecc0b787537355716809f1e0bb8399c325b2be2477084481b94dc4fad3d631e21adef99198e4602433e4084562223cbb11069bfeb793914671658e38d5eafb747d04b44cb3e316f4e4fbf600c0dc415f06d9a2ee199d5d5bea5e957f4600731b242ef7d7ad38d005817e37d1becea5e76087a181f584b030c1a001973e1c26736d9e63ccbd41373b67dffc02a9d8d6cb620e8fa24ed8dcf9e35d429cdc5013a8e77f9bcb825a153ee1b9d14ed2e4d4fac8f85529e97bb3a4a1a0b0df3cd76fd7e68189e444418e979fcbedc2a283df03a00e52b205fc2d26e0025a0a72b63db6fb41caf638054190705dca6d723e695c23a123cef08c4d95f6a58b3b0b4eb1a2612a35dc49fea89601f420827e550ffa128a15273da6b9fe0901960a2dda5528f4b58fe37db283e69aaac26410e33c3511f155029c59b81df1f66dcb1414aa898cb83f1981b07f156c38c2ad303e7dc3c89c724330ab6eaba708f35cb0e575f2c6e733d4771c89bd5d55e4515b6f8070b01fd5c0cd9103a0000000049454e44ae426082, '', 22, 24, 'Ekans'),
(24, 'VENENO', NULL, 0x89504e470d0a1a0a0000000d49484452000000500000005004030000007c3fef9e000000017352474200aece1ce900000024504c54450000001010109c100052397bc541187b62acf6734aa483c5c5a4eec5c5c5eee652ffffff9f3732ac0000000174524e530040e6d866000003274944415448c7ed96bf6bdb4014c7254ce8aa67595c4bb6903fc0e21097d55474c854210e750d0d1eb21d8778d94bb1d6ce5d4d066da153ffbbbefb2127964e763b74cb61e41ffaf8fbeefdd445d1dbfa2feb1de7c5df70faa6eb76f2f359aee90c87ed3972415c77f90bb13d0392dd4e1910ebd382dfbb2fdd0eb121929f04773900200a3c432e6a9effb88214f11cf901e0f9ea8a6121cf909749b474a05927c838ba585e6f99966ee17a96bc68d4a7ad1840a9e733836abb153931794697664e72816c75f7150904e2a0989514eab9bcfca84102104770350bfe2e7f8a1c7212032849753d63196a0a37182de20c98844105efbb9d5a2e4156503eec09ac672c979b941756b07ce80d18de2453b7fb12b28a0457b77d7f5fcc83d7fdbe4ca511ecfb7ed3c8e34d727e00577dbfdfd06d20c1a70db647e0e250274c2f8d50612cdff77b188111479f7dd6c2edd3c31dc57955de3e950c71141f8e2e550cf3555f6e186a0a6249a53e0623c1ad6441c475b9a14e8055094c4d412f49bbb54dc3b0326f668fd53877168c51614d4a60fe802a085a77e2469103946b7355749d032381745701b82b9b6cd180f697d452c3c200c845e236892f5cc0328d089df848aa5782eda4cac4ce9926770e92226039ba3980d9609c61c8f2e390ed8837ce38e2b822bc2f435fc6b2b111b4794e272dd069357cce683e59ae0d54b7e85ea64c2cddd0232e094ce457e3289be7168f83d33ee8188acc1c186abf58fb0cfae458cba11111df0c1924f5dc8329872948a6bd330b818c1e86d856a6679309d8f9eea282447a26b45c12c8278ebf805497ca3d642a594b39adef8e0b6b9b8c2ae77426ed93612429beed50afed241003585b7024292835c83971a8b5733a23cb35b9752cc944d71160c0a12008349a7532eeadce888a23d0dace8fdd6ed01c1190542b5f127955c9c02633b45bd394620f1640337a0ac6456dee9388076b13c63a30c3736eedd0cbc6bb25b1c27d1fe73b3520a980a6738216d28275a82a73ba9155698c143d81ee5f949f50f95293ae6d59d8027760357f08f071f460320fc65ed0805575ea4cc31c67bd4e4e8171e68e0999cc93d3e7ae186c4c6b48ce9ef9dc3c7b3b4bffc3fa03f436710525714e740000000049454e44ae426082, '', NULL, NULL, 'Arbok'),
(25, 'ELECTRICO', NULL, 0x89504e470d0a1a0a0000000d49484452000000500000005004030000007c3fef9e000000017352474200aece1ce900000027504c5445190000000000292929623108c5201852525a9c5200e65a41de9400f6bd20f6e652fff6a4ffffff8d5e6a410000000174524e530040e6d866000002044944415448c7edd6bd6bdb401400f0730522a3d512e3860e89a0a5a3d203117736948c1d3c74736811b6e68269366128963a1907e3779b6a487b2fff413cf53feb3b7dd814ee8e1b5ae8e037d832fae93dbdfbc28c1de318ff673c7185e1f95f87a1e32b3ac3972b47f801a2f6ba13041608d076f3f474746186de1e06a351d87580098ec20b0798207e0f2dafa8e0eb24497c41d09690b1c1e6db0eb140c4ac4ee88ff59017bbdd23315c3685d37b43c6870afecc9aba3ea236a587b87bc04060fb7e85017632aa5afe3ac3667e4ee8a7b676fc82fa2d4fcf9abb2785095ebd2728a9f4b6ee044d30efe184eefdb8dd4475272ac6da5eaa987d86388aea847a788bc8e38f301b42bcbd1f4fcdf08b987f7a3785e11008f500942b75c3780d70379bc2dd35c1ed7350b2d44ef900604d903e41a082a0776af540a2ee135ea9ef65d7b8ccea20d81d985d555bc53a27484f8d4dce9f379092a9a74c9bd74f652e159415f44c30a1a92884001004c9f4e1b0cbffc8574f84a491918a788b7cae6f6682fb0011b1fe621ee94ba708075ab2cec234383e7ff3aa3840d6cb2cfb356d212ddd4ed27580320a7a8ef0591cb89496cb4b9b3b40585dda5cbb6b240d39b79d525e352b02d5445a2bef17a4848df5d863d356aae5633d205da197c38673c5fbf6d2ec6a71439cc37a92d933364d70fed50edfa637cd55602fed05c77f37c7f817f11b27ed31d51afa28590000000049454e44ae426082, '', 26, 33, 'Pikachu'),
(26, 'ELECTRICO', NULL, 0x89504e470d0a1a0a0000000d49484452000000500000005004030000007c3fef9e000000017352474200aece1ce900000030504c54450000000000005a2929393941bd180873413194414162626a8b6210bd5a31de7b31f6ac29ffbd00ffd55affde5affeed587baebc00000000174524e530040e6d866000003164944415448c7edd6cf4bdb501c00f024235d8fbe49f7433dd48c8eb83258e97f30fc03b450c84186dda1b095b179eab5160a418aa08742dca932cafa8481c206e68b0a034146e83f30c4d3403004dc61b0c9e8de8fd4c4248d3d8ee183d2a4fdf0def7fb7e0bc24df9178aa4a447736a7d44a78f8d04557d7eb40af5c6002aa4a4636071cc4d4927a59e1ede328724545db7be0c0f576d7048dc429c13d43a896c9144409c3317974c05003a8b92d6b09cef312e711768f99c292ef49ca318583a671032c566cf09345df33d27db934499682b55b41ca7a0fa5df2d4f7f29c55b77d3e49e1b420f92b59f5c38f000a816872bb584782205f81b6f7263bbbc09b3611e94259f337bdea78306983f2082836d7427926bd5e909433783f3b9d05e70cb723e0a9372a40e033d8771cdc969510bc0c52d5017666b304da78536ba483900499645dab6d6cb1acf76d0b6bba1e9c61abf6a9d06450c2153e2ed6d7b2ae3742b0d7ab71280e20eec0ee60027ba569db47160ff331e61048089f0ac1b49bbd9e651db2c70973afffc7b5ddd01a4b5ad60026a0dfef5f3067e2d0ec9629e49d2e1e10d8a70c227a9c418b659338e9bb55621cb1fc163c481d8b12bf181b0259daaf19a46de36e04942fb379c2e1b7c85c186cf26cde7078416149886a7b9905299d78b0150d6b5334c8ac075be59250ad56df06dbaec934c88a0b7fd3a63bd525345e7d1aa8b2264c1d927171e13bd69174d58c2f05aa248362cd5d852d96f6bd70f2f70f13b0c7dc2fe276cb65466e87a1b85c70e14f3a293a2e5c0ae72e223019fcc1e6ee26ff35020a22e0030fbab32717b5954de0ce31813b6c3ac6435cd93b3637b768ef3c645d782b128ab8bbfe0a634c3fddf13cfd291fbd8b3f308c75c5c03304aea33c91f95cf47e2bce184609a13b1bd8581388cce7861d0b44d26d4c31e8174268f8f14124fd73da58bbee28e46b407cd9bae688cdf2111123d78cbf4230db7c90cc7898758108107b5d50f4150e2580b8e33d434e5e9eadb4f2613926c0baa636dc535dd763a0a8d607d70435160aa9c2bc9babaa15e3a078396419551ded929449a546bbfc8808dd5c3dffabf2172bd0df5549e892490000000049454e44ae426082, '', NULL, NULL, 'Raichu'),
(27, 'TIERRA', NULL, 0x89504e470d0a1a0a0000000d49484452000000500000005004030000007c3fef9e000000017352474200aece1ce900000027504c5445190000ffffffeeeedee6d5c5eede10cdbdb4cdb400b48310838383836210525252734a18101010e912072c0000000174524e530040e6d866000001c34944415478daed95b18adb401086d5052335e95df91162f2063f3b1ce902e9d25c5866b25855d8ec22ec465c91142952181de25ee10a438cc2e12beec22139440f15ce7576b57dfcd71f3323fdffcc66d959679df52fcdda9b5d12b805d687a48a5b5849228b410927752f7ac7eba4310b1197f641839355129833a7952c9cf04352c99f0d9749e0dea582969b94de3951953464e71da780ad064d0f99dfb5de5b98a69ce21a001796cd21debb7be66089d7bc8a99939754b59ea05ca755ccef7cb00478b0698098dff71a16509e8d03dcf708c8b050ccce6810457af7525d7b3eb0114d5605737eb3fb7dcd2c77d471e3ade54d68016134402d3ef7ec994542ffbc00bcf700bd1dc4301b1734e7c903f0169f3a67987d381783064064df7827de4702b45595b716f43c5fc7e1fcccb4559ab680732203af820567a209200dea8c1b63150504a8113238fef3f1eb3ce8cb51550ee5f8c4bd70f9b20e838f5f404d3def4f605d8793fbb8072eeaf9c08348598ce1481cf7803a7ebbda0c95db446f4e077c188fcbb2e08925fcc5bc18af5e3f1cf8728c8287c562b15c8e595d5fc677307f75e2b2dbfa7ee250fc387159763b754d5ebc7b9ff870ad77d95967fd8ffa0bc63ac54c8e569aa50000000049454e44ae426082, '', 22, 28, 'Sandshrew'),
(28, 'TIERRA', NULL, 0x89504e470d0a1a0a0000000d49484452000000500000005004030000007c3fef9e000000017352474200aece1ce900000027504c54451900001010104a39105a4a005252528b6218947b00ac83318b8b8bd5ac20f6d520ded5b4ffffff205102230000000174524e530040e6d866000002c94944415448c7ed963d6bdb4018c72525291e754e849195c1be228cc99262521a753298401a2f52393ca78540ba25c5888e1d4bbc8804c37973534a759d4c834979b2043c98e63e549fb3d3509293ed0fe0072c0ffae9ff7fdef46218cb58c63232832ec05825fc450b807e69ad543945d1d21c41566ad15664503607f4198dfd56643166cfe4ca3ef3db110bfd39a075c2c2423b6494b288ce225b27915f602155ffb324d7e2d34abbc0a2568cdeb35a64c5246e3bcc89d19d859958cda89cf4118c9ec74c1563d18c0105db9500c1f5a0df660e2de733dd83fe47d18f5920fa8c51b466593d0fbe2af0ad401021e6e85b691223e04571a8c01d054519e5988cacf040143e0542386144299693a75a90ad0b215cf1019d15e5b3bcdedb6168aaa2bb83048b229ae1ed60b993e02f9053e5d0d0d6273901d306df61d39a991f69fb43ea0a24049ca9a02a5cdf7152c4167608e048420547594b59ff83e0ddc6000624cf7957954eb4495ea0e221391800b8dce59cbfa35aae564cdf08f113c083e1fbdd0441aef55d1197bc2904401d007b3e01936ddd46e0c91c0a36008eb0492eef09cecf5feac0d4cec93b4c702826a010df51b47674f4d81941e30c1344639172b787c763247b973a7095bc0608f6449afc56b25d95e8a33c4d544930817300228fefc173e4d61fa5f80c534ff0d807d8947bdc1b2a6bbe9b3ce9645134105c11a907cdb13cf686580ce7e469278b3fe4be024572254792c02f9ed1f162430e548e296fcaced8bb07355bb6319203bcbeca2fe418050176d5643483793592b7ea99c20fae3b9f917be16680b9f18d028d6a9d90528d10c374f54b91bbe94c1429e5dd6966664dab6834cf240a6c7d79703433f6ece00a41eb9ace0557a1691b5b6750e5e5e9e96a0f47aef36e0c6ceb1aa0fa6f68d5c6b7fd447f131aa607e587e1966f3aa324eb996bfeb703abb229ed45de9ba6dcbc5dec0deb6dda8b8126597e8e2c6376fc0517574441bd7945870000000049454e44ae426082, '', NULL, NULL, 'Sandslash'),
(43, 'PLANTA', 'VENENO', 0x89504e470d0a1a0a0000000d49484452000000500000005004030000007c3fef9e000000017352474200aece1ce900000024504c544500000010101029394ab429314a5a20ee39315a6a837394a48bac3194b4c59cd54ac5e67bef4499f50000000174524e530040e6d866000001564944415448c7edd5b16ac330100660614cf018434833a61e9cbe41d7043408e7013aa7059b8e29d45a1310e5b0e7123c163c08cd1d82f5723db973749a32f99f3ff4eb842c333665ca943b06b6814eff06c96468b522d189b1f66a05599e6816dbd6ee520a36e6b447888c73af2d1a8dcd083978da1340a8ccd50edb0570cf3cb185a257a63166071c7c70b04a81832b0530f7ecb06d07518c700567df28fbab510eea9473ee9dd92a28b431bd00687cc7130f201cfc4187fcb68c0194e88d3e2b8ee7d8f4b797c44a37f04280c1f8ba05ec14a4000e7ac789c557993d81db23f7df8aa892f203a5221c7bef2e521e53f29a455d273173f233d87c5f1c3cd0109b5fb09b723339a62ea9ee48cac70729cb10f8f61c026795fc74cd24649bff2dd253bf56e382349ce5a50b7de02c72320d79a252cc21042ecbf932a43a1ce675208ce43aafd7219bcc9c0d7cecb3e97f3765caddf20783719086328c18800000000049454e44ae426082, '', 21, 44, 'Oddish'),
(44, 'PLANTA', 'VENENO', 0x89504e470d0a1a0a0000000d4948445200000050000000500803000000b9cf029f000000017352474200aece1ce90000002d504c5445000079f6eebdffbd41ff7300cd734a7b83a4c57329b45ac5ac52394a6a7b8b39188339185a290010314a101010cd7ac40a0000000174524e530040e6d8660000021b4944415478daedd7c18eeb200c85e10081c6069ff77fdc8bed90747437a1a96631cabfa952954f0e2995ba3c3d3d3d3dfdb55a6bc0f738b44d6bf8965737abd6fb626dbd5aab7b7a758ff3d11aaa65777e87ac6b88ab8a9dea28b6755db735ba584af9c00bc140a45ef7b4180e91a7c1e85e6d5add6cc2188281f3625340bdd65cc5a6ad21d6e6602a532036afe9604662f34e90a7c0ea5e5dd710dec55ab183691254b1f60143cf27336e809c129639b1d7aa81711fad5a706f06e4de00b735c67580c3639eb863fd70afc0c1d1093273e95d1cb09498ac52ec80d4d37310658faf79312a68223370fc34f41a5ac3a4c7290e913995c2a867e81566f770d14bc941db475b787ac55391b15c04556440b9213ad986971203cb84c778db490688a01181dd8b91970990f5356acad18fe05b725d64f7fcd1744e887216d28472ce4aaa972640ec83ea224580ec01260a6c3370551ca08d4a831ba498685fd1cb209fe75ef27f29b8401f3eae8a8c635031e0cc41c202036744e61d247a1d11892828cbc20a4e0576505ef044e4a5d70e42c159d1409297167a2fc1012eace06c2259452d480842d04b2228c81f7004ca7b218790b3bc8198e57cfb0fd1403f33f291e7c70c447482e4c1bc79d0568246810eefa344a02b4ff1f46e06a1b704cbfd84e0f978f7c370f00d5044880803bcaf65d28ee7232277bc6c918c017b39df304183f380ec7d2e6a3fdfd0c34858be187acf5fdfa7a7a7a7dfef1fb93e284f21f50c270000000049454e44ae426082, '', 33, 45, 'Gloom'),
(45, 'PLANTA', 'VENENO', 0x89504e470d0a1a0a0000000d4948445200000050000000500803000000b9cf029f000000017352474200aece1ce90000002a504c5445000000ffcdd5f6acb4ffa429ff6262c58b20b46220ee31315a6283bd314a3952527b181018294a10101095b411920000000174524e530040e6d866000002634944415478daedd8c18aeb300c85e15a51a3c8b2deff75af751c43c840eb3a59dc457e182674f12157c130f37a7a7a7aba96b56ee3546a446a7617074f44ef204d2811b32055f5cb5eaa5591ef119513e21a11c48b20a53e6122b21ac45b0614b398d06c16b488a97baa8162d3939c88187315091e47322b6a7000113c34096a1f8613b6c18a4927478447cce151e2580bbc946812d4409845acba412983c58713af22c754389d33120c380d623a78e256638e41e1d135d06ca9ad6e42e97062803f7ba97acbdb7d0d91533b324f82c4f113deba3ac088283ca2d901e1bd011a5ec5a6fe0e6a62b42ed57bafef653115eed7c3c40566ed95b165f5eae1c415247833df20a6e1d8c87ee0c53d464432019a08310bc0e6a9aa99c8c92ba58c829179ec24bc365d909d0358b66d2bc3a099b02dd1bb2d18a407d7bdfc0368866fd18333a27dc15221459edd4baef9f89631937b93099e6813ddeb70e1f9a0a7fd8cacc608b565d4721c16dcb0d7eb77e1e18ac9d1867cd013a660aaa5386f8ae804a232068640984b19bf113c80f03a58f2574f52c41c5e94109d0744a5e42d7f218d1a583b80447d40b303e8d03f8b4a00e021dabd0e0abcd6bef2f2c913da3d314642d4bdd389b1677cf4e562d85f121378e8b4920308b17c027ba6824e5e2953201d40a2a3b79d3c88fe0d242280fdb97912de0984e8037f3c907807bb97ff0e3890a96a28a28ea7c38d7ade4806382422d76378418e6286370a223f7b9e11387863f95fd0fde5558b9f9ec31bcb9b1448d3f6e382fd99431ef5875704100fe875bd83e2a06fab943bc15c4aaef96d5e7fa1ef04b1e13b8feccfff5e9e9e9efe93fe01234e2fce76dc1f3a0000000049454e44ae426082, '', NULL, NULL, 'Vileplume'),
(63, 'PSITICO', NULL, 0x89504e470d0a1a0a0000000d49484452000000500000005004030000007c3fef9e000000017352474200aece1ce900000021504c5445000000f6f6a4ffe629cdbd20ac8b18ac8329836208835a105a39085a3900101010ac11d8850000000174524e530040e6d866000002214944415478daed954f6fda4010c5e78004f28df6d0aa37dec632e256a6aa1d9f2a404aaf8d64942f80a5dca8f7e0d4270a4d88728ad426527272ec2a94fd94d59a34e99fb5cdbdbcab7f7a3bf376664db4d34e3b99d48cb7042d245b8212d307eb59f5d12fe0246a45cdc84eab2d3f4a00e224b23fd4807703007070d8a93e9abea3ad2d6dbcaae966d0693f0360776ac0060a4788d72f6b02c746826b7a891ec19a5ee6f62fd0231a55801932cdad987da2c1bbaabbd6a0e2026cec95f732cd7a40af2f0ab089d2420771620312ccfe4c83dd32f0006906c1ccaaf08a8e4a1d9338693f67f7fc3ebc24a2d3f1ac2c6e47a8f6e1c985ba9f1c5781169c1fc1e7ae522a0cc69744a75c0a8a4f574767e1ed3a9c8c53a248c75e022ef6d74110a8eb501135850ec90cf282af8220385e2b226a5581d2bbb99904e1b7f7fae24de0e840772d5cef6c88b7d7e1579ed2126c18b6a85853e9cd1a80d80f559e2c75f2e93f7ead026ccd68d886e05b7455be998cbffcc4f48b434453a248839958a267025b70172ed1c8a1b80f70025f02b9a9c473962e8d067eec3210f784cbac72633811dc25f67cf699fd28d2f3c80b3f35ee80d063287dc92bcc0573ce9e71117308c9cc1779fe04962df49099534bf1aa9f09f675d1e6dbc3431c4a490dfa9e34ce98f506ecab4d55b906152b638d56241e3f58193825652e3183783298a3f4e96902bf39648e5bfa4629f5471ddd2dff2219d22dff22fd2d415229edb4d37fa49f2e7caab6358aa8070000000049454e44ae426082, '', 16, 64, 'Abra'),
(64, 'PSITICO', NULL, 0x89504e470d0a1a0a0000000d4948445200000050000000500803000000b9cf029f000000017352474200aece1ce90000002d504c5445000009ffffffffffbddededeffee29b4b4b4d5bd08a473298b7310e639295a5a5a7b5208624a085a390810101083e1835e0000000174524e530040e6d866000002ee4944415478daedd8d16ec248104451db14e58ea7a8ffffdca5db302882d5ceacf2c88d120b253eea961dc9b07cfbf6eddb5811cb7b52fdf0ff0185373202772a0038d96910d46fafa4635dd30d605234bbf8f298e0c5840878168c5fa2b021a0e5b0491e35e65c0abcd652793c0d9339a72641b3c47870e9d1b7dbed019ad43c984504b01508effb7ebb09a0097a521413ca4e98f45e091969ce898ec2d2ab224ed0b6d3e3ecd646823fe8d1adb5ddc7f57af8f4e8094f48101d2458a22febe56286390b12772ec35914e8eb7a07afb627bd4094d83d2a85042f0992b6663c2204e007055212333f417b99ca40acd187d3c57c82970297b96e053a4eceebba062b372738ededbb017825005d7df70a3caf4a0ea869b04406405d83674e8fbe5e4d6acecb6c2080e08b7333c0e300e919d005b6e6023b77cfc6597af360330b0cb1b81718f4dcca95cd1324f504858ab4244d0d68035482117d6551c591cea3343ee0e3843a5b2aa2d54bb178548c21d1ad4579bbc8a05a3b1502a06bbcdea0981eb49724da160928bd0ab362826c76ad9b89004c1afb7ed49d4d3cd288b76d8016275989aa730d606fbf450f81dc362fae3bcf0204314164cd09062b801a015b82259e6861db1600c8663752ac0647f41679b42d66766c1bb760d5ee757114ec8f1d3ff5c53b189f416a447c807a82294698efe2e865893a40fca91274d8ef2007ef9cfc0e407ced9c9adf41825e46120094508583f5ba83666f448cf2480715a4ddff993f80038f62d6c36308b0499e62d8ef6091fa8f7d25d25e4c8ad4138c3c26d8bda1c58d4c4e9ae9a6c3100238c51a69c8ab848c5e4a7ca5005060fd4e76d7ac812be225337b26ce11fb3872a591b729fd24bf835e2633d37b6677b18f3e996a0c1d4727cd4a00663dd9aac570d48356372b4d6f7c1c0022c8cf67a6287ac25b57c2003e7b829879c2bb903a0e7c5ecc00a6445777f6a09701707c4cffbb6791c7e119b0bccfe091a32bff620274729f4a69f5b9c300383a7c1dff0af413b297bfc9df0fb5be7dfbabfe01320f37eb9f72bafe0000000049454e44ae426082, '', 33, 65, 'Kadabra'),
(65, 'PSITICO', NULL, 0x89504e470d0a1a0a0000000d4948445200000050000000500803000000b9cf029f000000017352474200aece1ce90000002a504c5445000000fffffffff6acdededeffee29b4b4b4d5b452d5bd10b483297b6a108362085a5a5a52310810101051fb258f0000000174524e530040e6d8660000030f4944415478daedd8d16ea3301085611cec0ec7f679ffd7ddb1c78ecb026121b95929ff4555d1f863905d5475faf6eddb34019ff5c4df0145e4d0f39c368510cec6f082a31f6cc134cf733a153df6af63c7734ec553d00327039e83411b6b378f0d6fe0e681d50b7b609ab5344015f1b727d85ba52077bce0daad8668246a768b9d65b33b1ab080634413a5511e108d3b6098830df872f621fa1e76405045f3f6671f204ce95ee3c9bcf2bc50b9add7451d3e4d43b41eda138c310f1275e3d4db8f21986761784364d4f2984fe0b55722a721ee83438400b4cb076202d05e50ba6a0fc45a2cd3518e41d4bdf450eee76781025df496ac46ccf679c811081b42043f9a81ab04bfc5bcd0c41720c42b67a0f12b90a271800cf02f068cf0424080a5828f0202c3049e208b97e60091634f674221162e2ac23f6c036774cf617806b27ac76015844544db0981631b922e0838bc65490bb5f81214b2837d638373f09a93ee19588ada4b5018425a8a480d260a28b69de641f06fe00251709e938216894656d03c8a084e3c0355245941c6a555c801d6e5453c074dd4c885228c8d8c9145940282b6a33cf30668510132b6080309f4c5cce79e89c3d3552daf29288ce4538ce6f1d833b183a88b62348e1488b4530c03cf393b5b06a28d415fe2621b6b275ca04d34eeac58bdfe49d03f8a6743978b6c6f48fd7e70a723d23494df3e15695333d7abca795959a7621fef51f38cb19d9e0e6ab820e6a9455691b1c57e1f3e80e94e7cb00e6865a1819c30dd0b2866ce95cbd2404cef84b2ad59f35ec0e90301de12a17c40a41748f7e46d91ecd2f36bce372d0085f39d229b186f91c0a25590ac5c9dd7c4785decaf56aa3751b3231f6960cc373c03d51b316692f11d30ae3cc9b1c57be0ef175e4a09c2bba08931733c319d68e41dcf40f55607991023b5cb207cccd17b037b94679749f135f3b6204542baee19b8150d0ce9d680296d415040edd68032732b0a78754baceddfce34d25d7a5ee009366f4d52411778693c39f0ac6b2731b9249a07ccbbdbf05c1593f84f81815a52d6bc7723ab524072fa5c74ca7d32f2fb4fc86fff7b7f00a4d7398f5fdfaa4e0000000049454e44ae426082, '', NULL, NULL, 'Alakazam'),
(66, 'LUCHA', NULL, 0x89504e470d0a1a0a0000000d49484452000000500000005004030000007c3fef9e000000017352474200aece1ce90000002d504c5445000079000000b40000294a526a52205a7b6aee525273a4a4ac9c5aff838b94bdbdcdbd62acd5c5eee68bffffff0c5e81a00000000174524e530040e6d866000002034944415448c7edd5316bdb4014006009d5bbcfc6a8a8993c0492c94608c1114a031902c560238e42f064687663cc03d3c5e0c1e40714329a20048f8c1902994c3085703f204ba69025bf224fb25b67e8ddd3d06e7e836df0c7bb7b4fef4e8eb38b5dfccb38f952d23dcd4e4ab9ce6de7aecabb0f378fb3c77989c5bfce6e3bf3f9b40424391565e0e96c1ee0b1d5a82e7d7cfa389d2262d7e6f4aa80c717042d657b5aebc8a92c96cbbd7b89a9d15502fd80d8aabc90ffbcc28511f6352d88a3c677adeff79fcdb0a20b08e34382cd6773357d5a384258c3da8bb99a18101702e047015f6d7022174e1b8e569a769b9aa1e7434805f83e15ad7f352c553720a6246e1b92107ad2d2704f88fc2b14b5f3f38125e1b64bb5cb9f8374c8c1bed6cb83cb43892d069e69ad6acde1b54e398818d585a4ee77993d52db11653e1e76e851ca444c90858e24438f331b73657b018d10c5888557391cc62c8c7a9801f8c06dd109d087218d1b0fa12d7c4862eef271d5d9ba1816e607e72ae6a197434c4316c69342f2c5d0d121470dea312be77594813283758c5595296503954a9869fced946a599f1f2d3d124231d02d12d2e60a99305bace7bfea76184c32d81ce88652e606b9723b0c2e65343628ccb627c0a3b5dbc61d12fc739544eadbb8653e7fdb59c853564d4da4497c37c1465827f8eeb613eb6bf06f45d35f255ed3bbd8c57f8c37794feb8425d5190f0000000049454e44ae426082, '', 28, 67, 'Machop'),
(67, 'LUCHA', NULL, 0x89504e470d0a1a0a0000000d49484452000000500000005004030000007c3fef9e000000017352474200aece1ce900000030504c5445000000000000c500005239006a31834a4a629c397b8373298b73b4a48bcdbd9ce6cdbd62cdbde6cddeeeeee68bffffff7b6571b20000000174524e530040e6d866000003174944415448c7ed96316bdb5010c7251064f5a32ac8d9ba8490a52d2624100856abe1599d32e40b8412d2a934193218044a1fe124ba184cd1d366d0201dde4cf1903553d0d2addfa0832143dba163ef29812e39d943a14b6ed0a29feededdfdef9e2cebd1feb539fe8a5c58fb2b72f54d6705709d381c2de7ec297161b6dca583c48d6139d845c3ad90cd204b14487779e44ab90a845ae18899a704c4ab80b1e8882697b55e0bf80a33b84b79ed2c5af45eac0046fb8bf3db592ba84ce4b5efb7f3dbc515e7d2d94050f2e26d87c045b498ed712e9d2d0479f4eeb3b2a26811cd64cc8395826403b34e14cd17bb004f5ac0e32dc4c2df2750666c411d93f411d2736f389fa5c8827648608e55a23fce67332c24db222101406779f5f3ec6c86e297121ce9120809ea1faf7bbba3f7bfc16315e719b0cabe22e2e8f937f0580ddb143cd15ae6442600925792edc22029d058090a94cf8f852bf33bb0928a0ee25b81e5f41f24653ec9d3920e99c9448372f34e387938a11cbbb9c671d714b59431f6c31103de4c841b4890091db43bc6c92066c01aa94c343c04065d0c0b267727af8d4b092ac1027c0c91e9a54d6061ce97499c24632c58309ddedcd727c7018625967d665f18aaaeb182a4743125dd3155f7285934fb8fea4db5a261e7049c12382597d4199956c00b18f23235e163886592f1a0119b297605b26b04caef4b9bcadd105e689e2d4b4b0481306af74c3e6d8bd5163ba7e72f45e0229cb4440e027b3f3a8d86db87071a362f2e395022aabd886cfbcb07b880e30b0674a635e29be1fc8a3c1eca0d72c980e6eec2626778de13427827979bcf98c89fa825583e3d108d516c9f5b40e4908475683009de0937878ee95d46e081e12016fccd40962a45b1ddd6f619359634021458b5f78f1458e284401764ab4b0734e008fc06d4007dd625f9d1a44402690c2b3db6da569fa73a96004da2c4c26a53a3b9955c4f973431555b6cf267d981df6d869607bb1a1a3050ebad2095bc6a40d7536da0139a056e36aaef27d5dd470fcb2ccff3b4016369f604f717e4a8ebebebdabcb53b8236bae6ef05e9c57f3b2c043faac2beffad78b4ff6e7f00ff75a8f6e32d8dca0000000049454e44ae426082, '', 40, 68, 'Machoke');
INSERT INTO `pokedex` (`NUM_POKEDEX`, `TIPO1`, `TIPO2`, `IMAGEN`, `SONIDO`, `NIVEL_EVOLUCION`, `NUM_POKEDEX_EVO`, `NOM_POKEMON`) VALUES
(68, 'NULL', NULL, 0x89504e470d0a1a0a0000000d4948445200000050000000500803000000b9cf029f000000017352474200aece1ce900000030504c5445000000fffffff6ee9ccddeeec5d5decdc562a4b4b4ac9c41838b94ff4a398373294152624a4a62524100bd0000000000142e712f0000000174524e530040e6d866000003a54944415478daedd8dd729b3018846142add5561bb1f77fb7d50fd2e02436d0d3f6cd89277cf32019b03359fef74f262d57b274cdf3e3f17d34a6f4954399f33927a34c425fbc755df3d3d8a30c01f4a95739020731a6e28518634ee9e081cdd47b4e557b4080a7b786d4bcb4ae618826f4e867f61bafcc748da68757b1b5784d1da25966abf956d4d82d0f605a2bd5bd529ed784e8fb06f50a340012ace03c6d0e31b50556344d50269b09e00d4841a46c42038cb198154d39db13842d8a8448bf042dba7bf032c56aa61033497982a05d31be0169d26e435a46293b461796ad29ba0dbb9fe5456adc7144d24756c172fef58b4c89b22da92f60ef253834d33bc7bc7e6c4884b7df1f2985609a24d0c8bebe13519e2322e03518256f5b58d710a265a2d6104b7c072e367bee1e7258034a6b2de4184d115334c9139173c428d15e3b96ece265721729d79953517384004bd921546ddbaa27ce44dac0193846342e508eb67f972ae8ddb27707a7a281e949001cf3d6bd344094e41370266007fb872873c8b5148aa7ddab47bc8338df73f7dc3cd0a1d53d356f8ac2853d136ca97a94e8d8b22591c4688817ef1ca3454ad9a52cb13749359067e06291fbb9d5cda3747c65964ec0964d7178d3e83dbdf6893793fa6ef11808662231b33a77e299a8a95ecc0ee207904dac5df976061bd845115daef149a497f3dc879fc129ca243117ae0ba0fa2c0dcc2d4f91a6d948aab9bee2412c996891c28812d5c4e65d11859a44cafc72a3b063b2e7e9ce376db46879b14a6ca9647bdc74b6aadf272f80dce7cc1fd238821a2f812045ef60ce99c79a270d8fd7de44ec0b11f3ba6d318b3d8d5f63785a4e329f44af61db42ccb66ab6e708d0177c556cb339ae69db5270f8dcf31c186fe80d51ce31a41052c8eb67283ff133dae4cec95e2e65ed20955311538879acd016c9c3d5b84eb2e4520c21fad0e1eeb9913b47fa39c977bd295a28d19fa5c11dbeb46f83265af200c59659f35dd1d8a38f5eb7787fcfc288b20738afaff5d71ed4c0e3f77c27975bf1f1383e0d355124f648ffa5070c51a488d93d919303c7fecc6751b73df2f8fc3f8b6507f44d907b7e7e7ad4bc12745d14a6677ffb3baa893797a8792dbe3fe2c30475efa341ad6fa2c63b49dd5a62057f7ebef63b92f7c0c5e404bf9316a97be0224aaf40c9d25dd055945f1ceb2db7b2ce40dff2249d89bea591a7a2af73006baf454be465d124ddd006bef06aba2ada0028d97eb140422220dd59a4fdee385045f8fa224fcf28933c01afe7d262fbffff98ffc5fe008a935863be8e3db60000000049454e44ae426082, '', NULL, NULL, 'Machamp'),
(92, 'FANTASMA', 'VENENO', 0x89504e470d0a1a0a0000000d49484452000000500000005004030000007c3fef9e000000017352474200aece1ce900000021504c5445000000101010392939b42910734a6a8b6283de5239bd94b4d5accddededeffffff184677390000000174524e530040e6d866000002bd4944415448c7ed96316fdb301085bdf9560975876ea29306f56803013236b0976e0a4c287b01cf5904b21b97805c9da5a037035dac5fd9772737b16409f6d0208b0fb00c5b9f1eef8e77470d06177b5723772618823b170cff19a473977e0feb8cfb306bb4fff2a6231c6fe51ef123ce05e798331da497bf80205ac2a2031782ed02eba5871ef7c588c8fbceb5c58cb55483ee40f138a3c17807d08009ec83b7ae738f1cee84e0bd35de736af600afd1902412d08263c5f02f8f845faea187d06918bc816f70f64dc7ef5d782d026f9f068f85a94ddcacd34fe610e474185396604a6d8ae21525ce4063655eb1280a0d50e301eb03031c0a352b008a406ac3037013b992909b1e06a30bad1f945282ca46e35f0442d40c85e5d4b55e7e4f44b35684df6d450b309d6bbd58dc27b52267c8b64b4814f3ab855ec2d4088adac836f923d0189d0284e45c65b238178865e156bacb5ca92bad97f37bc592ba78a25ab1b92f340498aaf99c3901c547df5644c2cb54650a2438b566d07361f2b559e243809354895dc791e4a7aee1661f50d0a9aafed4e44440bfaff5c3edc3e739573755b516b0dabdd43e12727ed88206bf75aebe555505c9f11e841ab57ad5a095f6e0564dc7932abe208d6845d7eefe37c52a9d7efd54c535f6d0b976f791819bece3e647b58397db5dcc25e8a3eec76cf000d5e64b1523628971d4c5d51d88ad56bf363b06efe203b2d33d71a18884dfc418d753849d712cae7b10b322c8df63e431c974b3140e49a99e2ce1ad49e2a830ae678a53107097c066770039bd9de1047482cab69f573f67b344971806c1d81e3057597abb5acda623cd3d453d713f6b9dc0c1db954a74f1881e1cf4c58d36e458b2840b67e87acfa3603000f2244129ca70a4de330d23aa2c4a9e3b480df51fc3dc700566282eccb8fe4332f044e68b3d79ee4a4fd853c72e9180a75f115c38f7ede0438ff28b5dec83ed2fc32a7b80784e797c0000000049454e44ae426082, '', 25, 93, 'Gasly'),
(93, 'FANTASMA', 'VENENO', 0x89504e470d0a1a0a0000000d49484452000000500000005004030000007c3fef9e000000017352474200aece1ce900000024504c54450000001010106a0000b41818524162835a6ade4a31ac6acdc58bcdd5a4ded5d5d5ffffff10e708be0000000174524e530040e6d866000002bc4944415448c7ed95314fdb4014c76d2530f7b04d2ad8e817c8e90a73a29c490a0ba7f8c5618b441aa92392adf30720f2b1838447862e6542622a5faeefec18e2e6aeea54a952feca62f997fff3fbbf77b6e36cb5d53fd6c56fd73bdccceda4cd6b18461630bf68d8a954d8c0e4fd221aa91c3ed840d97b2b2b954a6d60acde4090191a5a2a3b232593774e015cd841d9dbe1dc810c0b2fc15619c15cfa4329b9ccd1300670ec6022b51053cbd45ab93d429b9a53f20f20de2d5572d25eb906b5618a86967078af8dbdacc01cd2b267ce37d7a293f825a8935129b60c3ee1b1dcb475e547952399958628012065ba19653bac409595590344104be3fa102c99571142254b3fae06f548963c5c9196198e3489bfe4b1e62c01853a68ac7ef65c8396d19c8fca91244f2f35e81b62c4aecf5fcad11dbcd6200664385d2e9c3fe3564b715883ec38849ea17270f61862c20787afdf2b8e0f42733cd10f8c453cfde4480570c52162e6783a3a3fe183d44f37d13861273393a55c0909f8f6b0c4bf650a66a676565c44e8e4b21001407c7b63b2fca0d7054420d8e7c9e543840f19177703d353068410f0a8c782c930c7b4c5b4b8335aba7b472cf018433004dfe7fd6911de9e9a8ec3de2746f7175714e02aec533f8cd5b49818c0fe113b59a0f49a516f4c43b89e164dc7c56c7781fbe3337f315fccf560c61e8c03f063b5bfceedc2e0389a39ee70d039edf8d5de1e03c504e0bad1ccd7e2e6f2dec3b60588b7f51e07c2c35fc3f04b312aee05c3ccd7453d0a5e771d9cab1bfd3aec9f38a442a2cab24b498373e632ca9638317fe6904073ba7cd406a7c59ab150e8c7d77dbc8951b884705e1af6da1b6786e2ba085cb238295b5cd537bccd5a01c1830461b61a2ce1b64348a9c082815ad6a155ef00832515cc5f07f587cb68d9f21cda876cd2fc649a5e005d870620667ff30d7649730a56b558d7d96aabff43bf000d432ebe822debc00000000049454e44ae426082, '', 40, 94, 'Haunter'),
(94, 'FANTASMA', 'VENENO', 0x89504e470d0a1a0a0000000d49484452000000500000005004030000007c3fef9e000000017352474200aece1ce900000024504c54450000001010104a294a83418bcd39206a627bee4a20a462acbd83acbdacbdded5defff6ff8eee9a630000000174524e530040e6d866000002684944415448c7edd6b16edb3010005059fa013306ac55a150d348165b1ce8bd7fd0d19ee200ea1cb2c0696d3388bf10742bd0c563000f2d7fae4752562c97b493dd37464f7747ea482749ae718d8f44c6df09f9f74b9916dee9e505280ac7f5f305988185d94af310a42e4b95f0246ba1c80a74cf6a1c80ab1fd4155d2d0440210aae35f010145a63d2b95c4900e05036319881463a6f99021bf85eabc26b612b7c366f051c20f030cc1556eb18166f5a158123259a23c8158fc024e74263a36d8b0e15c6380c2966c10535cd2538e27caebb8cfc1c4c2695b6100ed0b69815a1943d5407988ab23a69103fe08859d827444845d33e0d1d4894acf10e54e52415a0db41a3a97d4a298077f89675158746ab4169e61f4bcf1a986d7d71814d900174844bf742a365bdedddf0ebdce6560ab975b09dd68f0eaafff77284b99490b54dd93c5958f27e2f4f56839564fd605b9d4debcf07787b0a09fe9141fd608b4feb5a5465ec2bde5838abbf22fc563fc25d19ac6ca3440875378e74179f9f1421ebdd2f154b88297378eddcda785804619ac3fd178af169b7314c9d19480677ebdd7af7db9897bf67610a726336666fccfed58d645544ce02c0bd79317f7e9a3df3b31b9108a5cdb731d40d39ce44156b12a885d40fb900153bd96e7ced003b68d3463608fa501d1cc79a3c82220e9312deee1e9b31ba93521c55b64148e496e762e0aa65783599564ef2a308d64eb52e7bb19cd8e310de4884b29794e0d02f238b996b9093437b780fc65cc2f02aab6efa834a62ce7d1a3ca284d8b4677f0629f85c78fbf2c55949ba2345a2bf096f17b9df3a126fd0dfe393c972fc9eff0ec8a54cd7b8c6c7e31ffce42d88200ad9a90000000049454e44ae426082, '', NULL, NULL, 'Gengar'),
(111, 'TIERRA', 'ROCA', 0x89504e470d0a1a0a0000000d49484452000000500000005004030000007c3fef9e000000017352474200aece1ce90000001e504c5445008100ffffffe6e6eebdbdcd8383ac5a5a7bac39293939525a0800101010b1e1a2580000000174524e530040e6d8660000029e4944415478daedd4416bdb301407701d06c5c71006ed555ae87979369e6fa3fe0bcfb7d6b1283eee127acc620735c711283ea644c6d3b71d4a521895b3f6de3cf0c1f887f4def393183bc7393e54e8d5fbdc457cfd3e58877cc158f0f6b23bbab965ccf0dbb7e172c218a6dfdf8621579fe866f23fd42f1c2420a562624fbb208dd9454a2ec2e20b4ecb00a4351d204483ed6998924943b72624d77abd3d09a181e2baa610b8e6d7949c84192079794f40b60ca9a6e134831e1932cd4b68adeb65328b93e1344d820c4d36814b32e2491735c80721d9460313b8b223b187834b1ad05ae3e6000b412487615001062826fb9617446167902d4e41bd2c0f29526895411dfbb0530679065e1e5224ab6050c35fd2ba9d9a232c44a280aa0f07a0490ccaa638d6421d800ac8fc140d19991f6b89445202c8818a69af963491b9e4875a4475bf822b4ef5b4f08aa6fe0516d439871cb24c5f4365d224cff63012b1c601020310640fb01049b387957b5ee7a876d02b14255cb7abbd93069043b091a8256421c2feb0f3bd86da7a5513952853a10a41f971e7062b0fb22e75109c0b0a9f01776a7b0ab3ca6b785752844ccf88c8fedc0faf74677cedfd41abd208391744c9d5783f6a51cd7d182057332af3a9208a9192d60dc92517de610890750a12bb886846f4d86ee2aee25c78531100560176bd8b15c5fa5bbb416ea6dc1fb300c8acb5a8a949e3c7df97ed0606b25ff987c6688af36096524a8f4f0f972dd9a0349c2a0fdaafe5ddd58e6222fb673e6fdb84313be522f4fbf8d5f65714c2c6f4349fb79b5bc66ae282fcbd2d63bd82549adaf9431b6eddbdaf282a87ae80e751391babfa47db926bdf2e1dcfee3e0fc08b51629fc7eb0b773fbacfc1af9135a3a1bbc26e5930de32fb32adc168cbeca9dbd47d58db7f5ece718e8f117f01085608d11debed030000000049454e44ae426082, '', 42, 112, 'Ryhorn'),
(112, 'TIERRA', 'ROCA', 0x89504e470d0a1a0a0000000d4948445200000050000000500803000000b9cf029f000000017352474200aece1ce90000002a504c5445000000ffffffffeec5e6e6dee6d5acc5c5bdb4a4738b8b94e65239735a3152525aa431107320101010105159c14e0000000174524e530040e6d866000003a04944415478daedd8d16eeb2a1484e1123a9e32ddf3feaf7b0c0b1bc2d965476a2ffbf722551a7d5a86184b7dfbedb7df7e2252fe510f22bf234af6e27d0dea153067e806d43c7df959d975066d4190eca4b11bd04a59b452f27644b026c997774dfc3caa7882e6e971bfc6a6ce70a60e028d64ce9abc4c373063e75d56f7e00041b7d5f5e465d226a9ad976b0b283431670d50cc19ec6d44ab713c0b50249ba70c71800406a8ed0a9a3d0444f44402520c8856f792bc25d5c188a84c80021cde043a656c413948dc096e1e8518904f20765e7c3bb2668f18a0d70bde6e73391b1b3d45137d6a2dde7693fd783c4e53b34700a4645fa017ce9bed384eb09a12111944e4f06c4f9e2bb7a91c8f6ad69fea104e092d1a246491ba38edb518b13c827ca8799f1fe9f20019ed655dbabd78bc876940b03f089b558149375ceb747bb11cefc72340a7eac5821aea7775d3b878db19ab5908d004f4295ab127e6d8e09741f928a729f48c53a4cd0632bc01ea6c0f0a3e3da327a40a364f2287170900a5bd680b3dfa339fa05813a3007b8e8fed40a2a6ee7d7e9a3497acb7d745f9f2ec8f8fe18d21657288022479f71c0dc0fe9cbd48f219c9011802f8a528e42cd7f8e78f2d843725d3c3db5fb4640159a88900a8e601b3b78c63fc5db475ddb468f92cb8dae411b2b405c7db03a444d2225a9347d01c802501d433d7118a5da4489d591368b680093401489c4794c675b983a2cad1f2fda7db83e8b18d2d4da09052e23d457f5eaa62ef674d8cf16e107ebeb4e58b63201960cfae60695c8824ed328372df4885b86cbd49931af7a9e5e195f7e2d25d529201d167a849ff07654b9a9fb22e25b4f61a95c601a00df15e7908eb11a9b41e23f590adbd8fca61dd5b6e359dcda41650095a1eb2214d9df62122e7dcc5f948d33a206007d7f302b6519b17621893b8826e53de9c80b2727dc075c4158c54d1e12167b85c5ae3c21be032a2c29b93e6130c70956ac11ec70d22407a0b8e849603bab801e26fe0bf3db21c43bb414ca05e076380e3b97208a38670b0fb871ecfe4f2c49518717833286fc048a4cbd0daafd657e0e4adf9f6e8a344176c7178031cde166ce2736688ec79789bdcbd2eaee09cc62db2cb03a4cbd3be88e2ea39bc4db2d893ed5242f37c080745ea058ee9c21447771490e92e4ab483dba694a4a7c3d6e6944d2dc7cb3e5be9ac5feef59e35441260f492583d39b0295f71dcca7a095cac35574b55544288dfcb60bd84eaa538e2bf9b8d2ababdc26f3f4336c8b51ff082fafdafe56f3fda7fdc11512430809b300000000049454e44ae426082, '', NULL, NULL, 'Rhydon'),
(127, 'BICHO', NULL, 0x89504e470d0a1a0a0000000d49484452000000500000005004030000007c3fef9e000000017352474200aece1ce900000027504c54451900000000004a41395a4131836a52837362a48b6ab4a494c5ac8bd5c5b4e6d5b4eee6cdffffff4c440ae40000000174524e530040e6d866000003664944415448c7ed96cf8bdb4614c747eb985c35b5a238c4876d292c652f35e36a95b017a1e9e2961e362d262cde8b9033b8d08b931a11f66424cc23b794802bdc3f60d1ad016396d98b281442f547f549b2b51bf088bd95421ec6169a8fbeefe78c45c827fb1fd920ff0aeec0c95342eecbe969b39e9bcab54e4853cae970bf8ebb7f2127f9ef50ca8b5a7058081692b2067c3e90abe7fa4651be57838f9772552eef2da45cab25355c7d595e1ea2e49f4af04cca607f1b6c1d88ab815e5e36e54a4a5dc13597721d7cb60587876a50aed6c1a6ce4d7975b8fc4219e2f0604ab70fbd97afcf14928fe5703dd970034c2698a8ca2857dbb5bdaba5942fd5e08dc8e18594079fd7809b3a367f1bcaabe04745d218d70241eeb2afcf622cd5745f559de5d522f895bf492064718c0fa9ea78f03a5e4cec24492e67e2491c074a702f8ee3270672d1a3fecff142599d1c7cf7830f0066d60f51500992afe2fe2f1d1b6669f63b1ca93da3e43b8088f520b7a84690902f01be4bafed8274f41ab00f70441fb64a90d482d13ff43a451ee635e03dd68770426990fb8eb03f2af0fb10e038576c2318dae029a2bc97cc801d515434dc31d809440aef0d98b1ada2cf9e2697aa7cdae0e5499731ce2001e0bb7d9b60618c29bda6fd1cc4c415a02150299ad087af109a213cda0d6a9ce7d976292d3a6388115780bd02dc9ac13977761cda84581e37c12fd45c8645344efc8fc166c6f09b31e151d3c74d80860db2b963097df091cb0f6d5c13c2d28969579e43ce4df741763bc867e97880a5105d7c665c81a31e6f891759ebf4c6f3d87c91d9301fe9b7c139771d4dd8e7ed6f2af0fc6f719c59a29b1f4e0d510972dec5483c333bbd05fa6fbb9b33ccf41956c565aca88d2684b889f2fc81a8c6a9615a1bc7ac87c5d698253a154809ad38cbe71c55d0af430d04ffb03c6d57739e5e7abc34c7040f6f74d29d3d6c24977383634d7bd82200dc0834ddfd2f93c09cba7932bd360e638877e84e90f27ed4350acf7d1cef9972131a10f61c5a80276f22d7521e0038643e775b9c9f783cc4b9508226f6c3701a2d2128c7e918294f8062547134286d303e9e7325d8284aa857574af027ce69096a25a808b299f5becd0c8754a062b362bf68e743d9770d6b8e1f05f84c278fde6ef33afe8b1fa7ea73af1a15ad93d14ea6dfe1bdab9312ed4e603e0ef4d37bea7f66ff0206426600179e01250000000049454e44ae426082, '', NULL, NULL, 'Pinsir'),
(128, 'NORMAL', NULL, 0x89504e470d0a1a0a0000000d49484452000000500000005004030000007c3fef9e000000017352474200aece1ce900000030504c544500000000000039394a5239104a3929624a318b62206a6a838b6a52b48331ac8b739c9cacdea44ae6c57bcdcddeffffff98b2661c0000000174524e530040e6d8660000031e4944415448c7edd541681a411400d09d083def6cd028b96417525a0c45110421a18452f06aebc05e17cb80908be9610f42a14d1786dc8c6019b0f7e0adb9485948496b03c27829a5509abdf612c8b1d7f6cfaa34ac63766f85920157d1e7fff3ffccec6adaedf887632529cceb0903fa1b0903faef92c175bf95c8a176bb95a824e4ba2dc9e24a5a31dd1690bce1c740d3c07a38d1e1cd70459f86f57df76668ca8b85f1701803e5af26de808accd8ccc8800f18df1c10c1ea19b3cf9436f04d10cd569a0a81abbb7a2ca493e02babb3d778290c33df011788c7accac812694858a27b01385cb719534b8c252c7160c1c599648c7964719ed8b2cc0d03f1898422cb0687c78cd9766d61821634d230727d09c588b1c3c100227a9eae68a2864c2e0438f1990dc01d336293fa422172e400ca51858032b54788a98495fe14da0376c8a630ba874388f8148e980cf7b488ed25303587afb28c95def35e913c891e4b6c85539cc1fc3df6fcfb4f313eb2f297adc8a992277f0e3f9e9eaced044d21dafed5703f02db27500be7337839dcf9017fca5f5dba693d72a0afc1b3b6ff22f8701fa03f743723d0bf06476bee83e00452bf81731e596e43ce710e0576f3c137487de4eea72310ad87c5f0ca7465f05a70ba2504b73649740321fd1a1cb1976ff35be74dced344b1d3a0e1bc1136e88cb19d2ffdee6fde254a88007231069965db17a2f88b3b84d4d590e6b8849deab6100f9b3c6d7b354d091d7841f6f1b303b8f08eed915d4d39c782b61aae237d0435f3346335d5e9863eea1a2ac966f65601766ce69555536cf21e402a5bd46b4066c7b60f6841093b909f36fa1371ee300f4ab1cbb4b108331432c3956e4f8231cd920e2135daefaaa0036129752a9340508cd3128a4fcb612125268242af09c934c5b90aca0acb70dd13e310d6327b422c56530e6106eaac8c7b21d4910a229979fa96ea512a67a8a52a62bcd0485476a67bd8d22178330d5b1695297716db685933686a39daadc1cdd1a0b4a8ab60f825c218b67047879ba871b7a8296fa5fadfedd199cf22e6312b575d068f7d1ecb7d946854782119cc343bc9a0e15ac972cf7b153fe21eb1b7e37f1e7f00d4de85cd26c419460000000049454e44ae426082, '', NULL, NULL, 'Tauros'),
(129, 'AGUA', NULL, 0x89504e470d0a1a0a0000000d4948445200000050000000500803000000b9cf029f000000017352474200aece1ce900000030504c5445000000ffffffffeea4ffe6c5ffde29cdcdd5ff9c62c5ac738b8ba4f662187b6252bd4141bd2052525262830041000000bc125f560000000174524e530040e6d8660000023a4944415478daedd8cdcedb20108561e68bc1c03033f77fb79d03e4a7551731f6a252fd2a96bc7a7410912225dcddddddfd03d57a35f8f317b1b56bc156f484f7b341acf5bc07032026d6ddc22b2d228b87ad007d62dd3f406526ca6ba7ddebdec1fd1334165a159ddc376fdfeb870730e6d51be9fd397015b46d7a1fa032c04c74426c4d519b0339ae830d564b29e1298e021c0349163c4da8b906b878cd1c5433806bde2481bdc894964166760f5841ad34d5948ac535b04103f714a1a5262ae46539eca5e94d51151a302124c73d70cc054d2e7629d28ad88647c4034c4532a4281aa7980f0f8407115e92e8907f8c35e7292e0cf4a283960ac00c8fd55fba990f7913342206080f88b187b1197d0dea1344dc4f0c6f82da454f0e81c58b1d1c27cec370d058b58b726ca0c7132cf38e2768cc0af33838bf37ec668e31fb03d102c88e7e09dad3eb96a70522210318827930bf055b6b05458a656634120b68a25f82edf17834c540a11729f2040f07ef918a0ee625b249170f7bf678a8e262b4334f9199d5d002a8e639693cc4ce0164650bc7336e9fa250e491ba1856326d4e364dca48e8e5350b4b91aa5b9838c038e7c15b8a24bc4188aa186b1696414de3274e91d038f1be5b5d0473d0e45973672edc7bd596cf8c7b0e41d54c28eeef6c157c2764fb5991f2efe0b63d35aba7270a050741d639efdcc40922ab033c371160dd36ff38566b382b4ed0fc19d859115ee81701ef0211e05551be169c13af07335d095e3a91f200335de85d298abcdfeeff73eeeefeb77e01295927e7bfc503a80000000049454e44ae426082, '', 20, 130, 'Magikarp'),
(130, 'AGUA', 'VOLADOR', 0x89504e470d0a1a0a0000000d49484452000000500000005004030000007c3fef9e000000017352474200aece1ce900000030504c54450000001818186a18201841735a4120bd3162186294208bac737b7bee624141b4eecdb47b7bd5eed5def6f6e6acf6f6f67afccdeb0000000174524e530040e6d866000005ad4944415448c78dd64d681b471400e05d64923dee44c66ba22aa2821e4a0fb5d8262e527e41b410919496e8507a2842b082d040970d7e203945a217912004851e7c0a624b04430828882c64a0507a08185d8cc116812134040a31089c26d417b17d33bbb22d39c53bd816663fde7bf3e647ab2847865657a28df65e04a4e18f1f05b6eb0823a4d67c5d69e36f14a8f951a0ead7d54825a24af97b51fad346b8dbdaf8dfe7b1c9e7a53d7f1ace44379682cf7397c608b984cdfa7bba1fc258d9f739423dec94f8bb3b0d1df96195fd317f31465857dabbca3e3f54a384316bdee762106d578642ee93e9b6203c09cb967e4db82d48eda63094b62bba30155205fde4ea9f503205dcb620e5fb12aafecc3aa9157d75b0bc6280839052b8e4fb7ba42ee1f464621563e0826554e9050e08ed31dfe3756ddcf6fd99e69f2b5163a50455ea6e9a59dab531f006ce24851d6886242302ea0b560603623073196cda8524e77a00090fd7268bc5663b0b6510d035016c8c088460ca3676952779389b5847574ed38565704a40ce558064b1c66a17f0714a403e2952cdba4b2a5d300032c4b22ce2500c88bf128aae4edaa36e665d956e960056d0c501b214108a05498d0f438d6fd218fda75c81c039181b6cb970a9c39911f26c9cbe436595d02132d08912639f8ff91572d0c716bf9975cf0a67f8cfa9904040c0accdf3d43d8049beb9fec31f56dc3afbbd5f159d316c10f0e4c367794a69463f80e7d71fae9b03f397fbffe20322180051aa83c13afeef76f4fd1acffff68ad2c17ae6fe737c404562b03bcaf9c1602020752725f2cdeba33cbd495d934a08386fa3f3a309ab2264b74a9726909fb9be93cfe74326a0edd1f860f06c55e4ce8a90b83334c279e26d6134dab94ac5a2d80453db8c7e8099a13a0a607074923ce19f22f3a3be80248389ed1cab0ab8fed3e83542baa48de5911c2736d2e9af0a7f51fa00d3121cb5107643d81e0647329147f8b64769059c2aed2c033090905e049c0c8d070bd9f6777be9f4b5f91e06c4062ede754d13ec81840e88828cf04a90f043d297d0e6c3bb834e0069d7a909b87c4197571d69b053025ead8049f0100c890171011ffd0db9c26b4a73122a44d112a7d284b0051087caf7c71b58c12a661e79f0191bbd7699330c56a789304d1286385378e41bd8f1a77133fb68c7abe5d8ef3b2e75823da435e77ae9e23701c4dbcc03483c3d4ddd8b3bc0728c31dcf3c12a3675f571b158fca42f32f3171b0c0843485d06acc058fe6908b58692f878ad58bcd127f22ee33f9b2021356a7d359f674c9e4984ba52585b5b2b7ecd9201bce741cdc305a176ada7a8981b02d8d4e71e0bf85ddf4ee235bab1884f6a4e56ec90425f9943e8d9b2c48672262d60812caa497f9c90216c4ab18b098c348f302757a631f7f2cdb76bbfdee8a943ecbebf0fb18bb711a805d6632559a2faf2cd47c562a1a724c55d7c4fc244dcdcf1a02f1764fe8b27211ca5d39fde60ba92c41f7f4f40c24e53d3c3b9e048b02756009533a3c713a8f1a6283e81b06b4c20b3ca019c23a35798594095604062d410c26d360d1ba28ed10e5e37ad3ab60d3738d6e81935cf66b246ecb8a507edc17185605adc23a26d981b208e7f0a97e57dc7bc43502ed121e840ce936d14e988ae4c41cc7c00bd9cb857c49863b23b87605b5ceb8500e63c076afa048ab9e8dafe75953a804eceb3814da09cf462631acadc90c15ed6d8e50914db513df8fa94306824b04973707c69cdbcb7045034526c483b68b7a2986532f36691dc4f8d1d0727cc6ce2ad3d13b1250f65386dc80573895947a1360513418916af58d6d20cc46fdefa24b7dd97614edcda8695adf26c91c3962e778bd8917a1870bb7be70854e5f5a6a2ec85133d718b57df0395208c3ad9052220af02df2a1df7aa8601b7e94a048801b7bbb78e872744e6079ccfb6e728bc30e4d53b11a0d66c6e77f032b28e7f99d56e26a341a5d4c4efc072a417fdd6f0f8ee04f7713322545a5b7a446845849adc20ff0183217986ee00e3ac0000000049454e44ae426082, '', NULL, NULL, 'Gyarados'),
(131, 'AGUA', 'HIELO', 0x89504e470d0a1a0a0000000d49484452000000500000005004030000007c3fef9e000000017352474200aece1ce90000002d504c5445000079000000184152524a4a5a4a41397ba43994c541a4e6a4949473c5f6dec583d5cdc5f6deacf6eee6ffffff39934daf0000000174524e530040e6d8660000034d4944415448c7edd64f6b1a411400705dcc7dc7ae20a62d71c946924029f4d88b962d484c0fbb308a3d966ace919ac1dea47b18f0038847c150d86b3d2c0c391782c7160ab25fa19fa1efcd6ceabfd5f5d0430f19c222e6b76fde9b19df6e2af538fee938708ff6725a73d8d1f781a51163ce3eb0396cd10f49c834535aef266bd513e6d6183dd2d8357569022c75a99b661d4a93608e52278bd04d25c29376a99ba3c5a425a40dc62873483601a62d5843c66e127384c51e2a98b4e2a70f117757a399d906c21675ad9d739fe2bc8c5910d0da79804eb1e45ee7272cf8ee24b5931665a3f3df94da0949a62d802f9e53eabf4d58a02cc02759ea2ea0bde52c365893e4a8e3e7a8aa2613eab1ba39645dc2e8194055cdbb7919753906b22b460b935bac0602d5441f2ee146c207b833378e3ff661bb21506610784645041b50eb01ec5ef80509e795bce05c88c0db5c8212400ce8dfd2a39af08410dc06ece9af5eae428b75bb858981d081fc004ec35ac0f997f0dbfad1b53e4ef4d485ef534704086bf343b8be0ebf6cfc1a8a905001a00b53d6000608e1a6f55d247845480f033e1053481021efc7ee5006933c171c05d60d112bf1a743413940da01175cdf0a1d11492fac82ee6f85ae518be01ca1b7054235cf7ed932bd5a9007183b7746c2f3309415071c23f2720c2c48e88abb794d96e3f12d492a48f3fcee878cc839b16dafbc151ec31aaa90065caa3149c25e43d9d421d5c1145d1fa3c61c362c1aa19b2d560516721810928fa9e60152cb3506d32aaf0404eecaf7b74317fe2d3cc2fb16368f38389bc96a60140790e41b6ac2c7cd739199c1c085c47fe7a1901c7e724d3d16ce002174f2bc0fed4dfee9b1f03ba83a7455177a078e767b432a780f9df74af6dfc8b55beb52c1198bc6125c95e6b1825f95eb9aa609cb5387a9573aac663176a9928c1c5c3ac45571df8fff3a6c1697ab738fa025150bc07c7fac2f1e35f0edd3d95248d61b4909bb3521faa24de133e9d36c39a482dd2259b094d6e8e133e43a82f7f0989012bf5c792729c910be1fcd7defdf3abeafe2deac3c29ce60493e432ae9c8c1c0d65657eb6e2e9d1b3cdb1548c5f0a3314e19eac8d13549886c532972219d1ddd14c9b8df76dab06d7b71933a9c49af3969197f4cf6786dc294f67b657b1cfffff803e0830d2b0d6d47950000000049454e44ae426082, '', NULL, NULL, 'Lapras'),
(132, 'NORMAL', NULL, 0x89504e470d0a1a0a0000000d4948445200000050000000500803000000b9cf029f000000017352474200aece1ce900000018504c5445617000ffcdffe6a4f6c57be6b46acd9c5ab45a1894000000c11ff4200000000174524e530040e6d866000000ce4944415478daedd6318e04210c4451c0aeaafbdf78a7ddbbd28a164163b2f123e6ab42b7524a29a57c37503adaebdd5cad5147bae4e8c300b2f7e1b922c00fbb00363e414b1571156eee663686a582884913806d1763d20489a2ec97ec1f372393c56797a920ec49a9228583c1004a22ce056760db425bd0d99e033c1ac46650b65e08657bf98984ad38768ac4b288a0d73dc017bd9da210a62cae970ec26e7ef7a6e056d1a387e865836b6c2f49002472ea480420b5f714bff8d845892d8142987665e84f9d79a594524a39eb070d560bad30a150fd0000000049454e44ae426082, '', NULL, NULL, 'Ditto'),
(143, 'NORMAL', NULL, 0x89504e470d0a1a0a0000000d49484452000000500000005004030000007c3fef9e000000017352474200aece1ce900000030504c5445000000000000103941624120315a7b735a20737373a47352528bac6aa4b4c59c5ae6c5accdcdcdf6debdffeec5ffffff5055c38d0000000174524e530040e6d866000002e44944415448c7e5d63d68db401400609f69ddd52fc88da8881b976c1d3b74c82423a821d092215d1a433cb7c48307434b3a695096ee1a9aa5434199449d2e47060fe95428a51442cd053a3490c107da0beefda8f19d759235b76fb08df4e5bd7ba7bb532a95ff21ee9575c17aa944d5ce12782368896f3bf0dd25d0ab572a2d084a401756826029acfaae1d88f079eafc40de6118a6b03025624e4acf2b4c697317be25e71c16a5b48faec2f08852725e0cab87948621a5744abcc2dad537945e1d09382a84884111d3092e865483f983dc90ecb207cff1a810f69adcddbe98e26268d1cb7d597a294c839483fb292ce8fab1e825614df3ae21ffd10000fd050e11b0e5ade466b483278d6784c8ca2cd6735de0af31272bb368e7bac04f948439fd884de0ada9ce384348ec80766307f3f0f253da72a74c3056a56b823ebf415339ca8348de688ae7c7c3caa92d615b3eeac91cba66d8a2d7b2e317c076335de1048f82c037d766a5a079bdce2623790a9806c916049dc38e806d43ed9b548929e988d2ae01ded2a12d2a5b06f87a117a126606a9c3af721637964239dd6d6f19ec79b950ebe53299575eec46833f619eb010d2bef5b7e70cd4e69bf66043ccb6095ea890f4997432b0b657db434483f0690ce92a5761524bd0a992929d293d0767219ac1aceecc253f7b70cc20e8b0877eefcc1296e194c8107be6ae83e344872f60e7fbecccc17af41ddc5f8467849c7463dd7d9c254f67630f2c05d6ce443d3d65fc65cccac0674b79d6a82b6043830de84eb69d5d138cb7147742c4f1b73bd656cfdaf080ef644b815dd97e3cd69ee06a141d70b89581183488a2e81d1fffa3792b4496c6b1b66e197cbfc92fbe5287f8233a5e84953bd150c0fb6ae597d1805d6b696b6c7528a1abc06f11bfb8adef18341cf081b1d32785ec55f370c8e1e24bc9914727d441fce29f029e644e287e1f409e55ec1b041ce0b86290ea4584f187e160131b5e0a08ea0b6379b0694898fd3b31edf512ff934249c75fc9e5dcbf1c7f00e3871e95e5b128650000000049454e44ae426082, '', NULL, NULL, 'Snorlax'),
(144, 'HIELO', 'VOLADOR', 0x89504e470d0a1a0a0000000d49484452000000500000005004030000007c3fef9e000000017352474200aece1ce900000030504c544500000000000008316a5a3918bd293920529c5252522973d58b6a52e66273b494737ba4ff94c5ffcdcdcdcde6ffffffff975755f90000000174524e530040e6d866000004984944415448c7d596bf8be34614c7475a7cb5c61be365bd104b8950a1238490238beb34d7791506153607214520cd6205f18aa94c209885fc11c7358b3b0b8c8a3107bb60b6f0b0907f214d8a18c335499bf7e41ffa616db2ed4db16bcf7cfcbeeffbe6cd488c7d34433c936be86792867ee8ff47984294a15e3e498aa1deaf35fa175ac74f85d3fa000e9746e15b991be28ab60ec2fd8bd5a24ebc317c58687db7fffa52dfbb0b55238e9cd4fa7e1f90995a0703a58ec4895be8fb96c8aba39550e96259e596522197bb66177aa5a492ab7e850b959ab730c9ee21e44a2ba5c245091c68e242e4ee0fbfedb7915373392f065ccca54a074aeb8743c0e132f0891c2405d05c853487010396a7b81434e995400c88a3c865aec322d8c0453f2170b1b299e8b3a26b0267f8191312e188409a52892b745e36bb43ae55886063c4c40a702f7c8fa604edf57dbe33771d9a05021373051890f9e82f159863c135e698d926d08f3b2030a0a1fc9de988b3428e8a8a2611f446b17072503fd856e928909954e25cab259aab196746665a45dc11859360b6740e36650ab16590e934709c524bbfbc6beec093af6c00883933b7d5a1fece7b023b5709a94076d9f9b4f979cbc6f4b760c6d9e51c530019b1d39bb7af3f50193bdb884a3bbcd8529932c884195fbffde49f94c0acde89cd2b3740133d02a4ddd36fc7b86eedea7d651d1d23bb891e4075cfa79d0cdc9671ee742b9c990544ed3927410c98fabb9e289f3843a591876579f317adce98a3a27d752a278e377d0cf966b32172e6a80403822432aa6813176f369b3fa9b754429e138e8947153f9e028f026efe400b981990b0c338affa6e03fefafd36a2440e644a64f7f82ae55ea6bc594b950890526676929a4b17a23d1852bc54a5dc57b33ad093046a7f076223dbdcaab932b9875ed61bdd41fb121239aa15cefc20f88820b511283f6d3e051a5f3c6e1ed7193848555b7551d8a9f18dedfbb82610089433d565a64355af01f5fa516bdc722f563e02a6474d0af61168ea35f60064204a9a2e16321602ace3e7178e3b18a8001cda7dbcd6c54081181d85c4c7926ee386cc292f7faee88a4381e0b8cd49394641b46ae2659b661c1ef22ae85fa0b2bf053d91120a3677a10e6c6760844e3012b63d7783abf0a896feec0e6b8835891c3784384c23abe50ad73d7263a61c800c8cb02831f686c55c0483d171078103b84ea0c0ff68be1ec43e8f31f70c0c412067887ad0685d5926821617e28a8a690602d1abca2b81089ccf26cd6e930ab73b556e2410ed96de0804d5763469470ee7871b090481853a52ead9381b437c36769c0cc3f3169795056e95a001e763809f7f11e0380e5d312160c01c6ca834ce9441f45e09185d7e9329c4f4d72d2a7b721e4636e7bcf5dd6d1b44788665da5692b4f38026cc83ad49a377fb3dc7245bfb94517b94076cc0eea173da9b4e7e67bc7dd98e0fda058e79d1b6357fb89cde4e683b6e7efd71af5dba02bc6d455ffc3d7d471c3b99fec6db99322f1f41cfcd40e3fa5d6f4c5c6f3ac64b8b466587dddda1e0d6a7287472399d7e597f4598870250889f26bd9bff0529d30fa7934beb895749a7b06058bd71ef2990951eded7d6b5f5ac175ece5e3c0ffc78c7bf2423abbe3f28cacf0000000049454e44ae426082, '', NULL, NULL, 'Articuno'),
(145, 'ELECTRICO', 'VOLADOR', 0x89504e470d0a1a0a0000000d49484452000000500000005004030000007c3fef9e000000017352474200aece1ce900000030504c5445000000ffffffffeebddededeffd541ffbd6ad5ac08f694189c8b31c56a189c7b106a6a6a7b6a18ac1010523910000000596215fb0000000174524e530040e6d866000003a34944415478daed96bf8be34614c75fed058990e248151026858bfc0b01f350e142ae5224c5158778857248d521b6f1b62ec291e658d4d8c6081722d8b93ac5a60a29cce52f38321c423e2f61e46b74acb9cc0b6359eb1f27c75b877b4620599ff97edfcc9b190dc0a7f8ff4763f440ee897818376e6def12307efa0f706239dbbb3723f3f20424009276b3726eb4e07d7d16a680c6937b4130ac91d983e4a3dc042868c45633b8ff6bdc8285884747833116a684ac6de1ce2db54646af021bb1a8126221d16a3a7b26ed96799d764ab1f1f6c5f86b9325b69bb8730603dba3bb5e0720159034576563abcb2a460bb5b3c95b32c696f1221d412c12abbb156ce61c631bb1abb9559524e22c7a2c0c3bb12ac126728a3a7cb861be4f12b1b37cf158266d0bcb611a63a7e4ec9c771c1888388d9e7dfbc6b22c2b119b960e9682ccf7c6a02046ec0eae07df33b365b5a47e8e4b417f5fd054dae61f7939f8ec73d5d6a2258488b42f08c01211bbaf17cf6ebec9bef2b8ec86ed225270c041ae109dfcf55fa1922ed2b4d4237d057bc6da9b53ec7e27ef18113322ad8f44fa3a1434241788ef2fa30c111d35a158332e9206f70553b4c9c5d9dd905c2d99b33625d7260a0e383034d9c12023c2181d22cd91169c69e34692ec93be7e49aee362b63125fd9c83bc4d62dccd348328f5c99b6a1ddb71691b9e943a1b676fa1489205256b456e9eb919ed0291fc830525a920af204589cfc51e671f710059e1fb1322e5d061e4abe3a549b906491d711fafe12008b22335f2b966b16741519cb3ad86a838675b4a4e283804bd7ab0a0631047279cf355565564b2a967a78ecc740fb749ba1d66ddc6ad33dff4d0a84c0598ea96881238d9a14d4c37656335a153fbfc7a93e2d3fe8fd5dc97c7c485809bcadb9bffd1ffcd38f12978d9331f0980ccd3e673d917cbab7af026cca31518cf2511fdfc2a7c2b165f9ec8ee7ab55cc1dbfe73dd953fbfe8f172588bfdca775791800ffddfa71905f3bbe170599be3c5a3308f8620c3f97cbe26efc3ab4845b533e7821797d15086577fcf73f3d6971c0d06beacd534965114f684deadcd45182ea3a12e796d51a268b0757b375c461a449cd6912aaafa69ae67321ad2d445ac75df0dc82dd1f28a68caaadefc7ab5abb81f664439d78ff9bb5f76939d5e2a42ff447178b72a26f44390b9f6b93342411991a7523c77eac848ff662a75ce828a94edb121cf1d4c3c45b3d8aedf280eeae9711aacf1fcb9c8f439ed72ec9f3f140936ba6c38e7c19569744dc81f74d27a18f529aaf817ba364da24a3cb8ab0000000049454e44ae426082, '', NULL, NULL, 'Zapdos'),
(146, 'FUEGO', 'VOLADOR', 0x89504e470d0a1a0a0000000d49484452000000500000005004030000007c3fef9e000000017352474200aece1ce900000030504c5445000000000000d508085239297341106262628b624aee6239b48b62de9410ffa44affc54acdcdcdffd562ffee62ffffff47d8ed2d0000000174524e530040e6d866000003ef4944415448c7ed96cf6be34614c7c7b28bae366bd20d3dac3a04864d2f6b02c6d0cbda0882d6972da57f8059303da6c2f060820e61c1f89ad697c1d0c31210087408d1450cf8be7f8141a0bfc060c8b997be19c9bf14990a7a2b9d1c148f3ff37def7ddfcc5884fcf78741ab92945696b4fe0d68548bddb06835705016c57809d644b9e08bd5e7f33245ea9681c529202e735fcc3a73cb385e0d40c0a7c5246b6270346752c200f809f050cea52c4c34781ca7b1382e06119ea63ef205f05c4647133c74799a00167314dada82bbe5265fb11454d547eb2971e4ef54ffb34b72c5132896622870406f8e62a7c9ca2d9682063af180c1e19c9704becba010d9220d39804345132b0197fbd842332f23db4b0d19817504fa001000e668de644189656a50f9480fc0c007b4d1ca415c6152d0608c991f887a4180f6ecd6f12f84bbe04608629207599a3cc0e0bbcf10ae1886f8e1910c3147eeef5df48230d92db408f69d3df8ae7c8fa0b4837da4300dc27427c908e5c9e5e2da914df29d94f2c32198a4ba6e6d33bb312e7d3e8c16b106a37d6804d37405c0b4a2014039d8cbf5e291a8aa6df8b22bda43d0e7f939c032ae7d3b5e6e304552c3d073340bcdb432bf03b4dbcddbfe104d96ebcd3a56e002c96bd7806c1b181ce3e6b5983c9d4867b359cb487d1c6a9081de80d804b5173568995ee2ac87c8a9c86a8b8b45442f7dbd03019b800d034cc3a4ecc18e3712393b3f5d422c58986d2bf48532eca7c154e38611d621a3565e681b492fc9418e206e084c35f527325eae65bfb96b1b92de8ae69df65551147898d88e44bdfee1d176044b5c2b93f419b50c0641f2a0f5ecc22580078fd16d9296cb263628370a1c315d2f45839427ca2676c11c692b7fe7c5db0b3cffadad37afa1aa762e163296b1889a05c17495c25bbc83886d0ff0e44f84b388452c4481c32d9dae5c2106dfdb685a9fd20b918d7e512f08431f84b8c7b64a19b7078ea2e6ad5621410f8f1d07f4d2f953f7df996bacf9e2b6c69b013da939f762a9c04cae5972ffebabe137d2463f94a04eae8cd35783942d47eaa1b96fad7210e47e284e0c4a7f1e3d04bb5b0ecdc35aeecbc1d5edd3d7bd60fffc2408b79dbf545f5ba837b75592e5a079fbf48c60bf2d9cbc23274072f5f446cac7f7e73b4e94ba436ad32b0cdc248dfb7f0267d31f25f6b575d5ceb97979e4faec4ef5bf7e351eb7b539a7527c3d3b53a1baafa7d34ecb56ee944726bdbb917a7466bd8ecea4fd47e744e4ae5638fb3ccb946ae34fa592f5e92bfd3c1bdd912d382a4d71f44e3fbf79cebf3e1bbf7a2e03bbdb383f655fb7c6d3e6c732709ff9c78c9b7daef24a569ff57ebdab02d63e4d7bef2a81bd51af59e975b03bea5603eb6f7e7eaef686f90bfefd3fb6e36ffde5fbd9813833ed0000000049454e44ae426082, '', NULL, NULL, 'Moltres'),
(147, 'DRAGON', NULL, 0x89504e470d0a1a0a0000000d49484452000000500000005004030000007c3fef9e000000017352474200aece1ce900000021504c54450000000000002931835a5a5a5a62bd7383d59c948b8b9cf6b4cdffded5deffffffad0aa8bf0000000174524e530040e6d8660000019c4944415448c7edd5cf4b02411407f05995ce8e895227dd02d193e121d853c92c5a37c5c16b41087ad390a5ce815e8db5787b93d2d8f757366361a7d9375dcbef6159d80fefbdf901cbd83efbfcc70c2cddc1c6128eace11bddb4ae1f48c351f637d0c397c6e026197a8b4cd3f5108658a7607b16d410a8e66968cfe70a46984d864e38577082383c24e0f36cfec4bbb801489e31ddc6f67855ac6da0416c4f055be3151f73cab18a08027e1bc812059de0bec18b36b0e8e12a0864973cc313c4f8dc067a0a16a792eead20e4a5a44b7a182f842fe9926980bc80a59459aae419e75710ad2d96c3d81144b1ec98bf37779b09884bf39099c96ece11e2da3c64e562f75a539b99007f7a1d23a2b175ea557f49719efb86a665a73ef48ca742f8cd926a8d4b339cbacc9542f47a5d0dd71d63eb69cf950afabe4c84acaa0e58f6b615af35bc349e87864257ec3e264227dc3a21644bc3772364853b21dc9c82fd2819a60a8332633c947de5304cb8670eff9af541b938242fa40310610c8284ac0a3a9736f756a74943473b7a4495b282dcea3f53e6766e9f7dfe4a3e014f3d9ce4730418cc0000000049454e44ae426082, '', 30, 147, 'Dratini'),
(148, 'DRAGON', NULL, 0x89504e470d0a1a0a0000000d49484452000000500000005004030000007c3fef9e000000017352474200aece1ce900000030504c5445000000ffffffded5dea4c5ff7bcdff73a4ffa49ca45a8bee4a6ac5415aff5a525ab4084a83083918317318297b00000041e8c32c0000000174524e530040e6d866000002654944415478daedd6bf8b1a411407f0a9440459be4b3c821082038ad8a45824ff409a3481148336e27985049b2bc281cd7145b8381c884d9a6ba26e79cdfd2b9260628a41525e1595188e2464c2cefa634f7767a74b8a7bc582f0e1cdbce5bdb712721fff340e0d5de2403de379029e6964b5a8e5110c36cfc8680c48aa610fbcb47a38cc924f363d2464085b0b53e04e5990c41550d2de31f5b0ec48366a00b4a52ff963b9fe787901407f7452bc2e4f7f2f8f700d1ce8e01be76979fa6be966b1285ce9123a0e6355c9dc82bdc04c03d3cc8f0fb4e04a62004f6949eb8875ee432eae63fae1b6e3b936efc6358ec5fd888544defa72142b2da9e0cca0c1275e5613683de89b5c9210eb59bf68062ffb94f74ca6502e68d1081297e6d9c80ce69849d9c4a208c0b4888640beb6fdf959448f2232f540f39d465e787e07922ffd50258498c30e963d7f1e569ae09ccf8120fc1e063dc787403e006ffe7cdb9f1ad56417402650b6f5f5c55eca8982bd1df86eefecf4096bafe128d02697bb70ac46ebed3160d7b69d66ddbcdf85deb85678f318402d303752862e00de6c29b84d393e0b85eda60ba03ad9a6dc834905abd3210036e97457325d390bb92263353207909ff0f64a8e2b3d2dec70def53a4c301ef6761863536f3367fc9d218438a946c19e823f5ef175ec8dda0a2e7dd8d4c37356670acae646cec260a5b77ca9e04c1ed18884abaa990f4744525a0c5f6dc9bb90489752ce65e4b2c71a124b4a29891e3ed2ae88fce6643d240b9590520ae8ff292c2863399b529ad37fff8945d7a1fffe7b2957518ad978a9358cdd8f3f7df7c46083bbdec146df1929a5d162be8fff27fe029c512db7d7d7cef70000000049454e44ae426082, '', 69, 148, 'Dragonair'),
(149, 'DRAGON', 'VOLADOR', 0x89504e470d0a1a0a0000000d49484452000000500000005004030000007c3fef9e000000017352474200aece1ce900000030504c54450000000000001041315a3920186a626262629c5a4a20a47bde7339ac8b41ee9c39f6bd5aeebd8bcdcdcdffeebdffffff26a470e20000000174524e530040e6d866000003914944415448c7edd64168134b1800e0094b8ac71d4b20683445043d268c94352d05cb42df510f81a23ca2144251101461cf4baafcc47778d053a008657db2fc3d153107f75402426011caa3f02ee521054f2150446fa1fe33bb4dac994df6ae734943befefffcfffc930d63bfec324a29e1d251ca809f52465c32477f8b89017ffca7d21438733f7e3361bbea33a35d9a0ad9653246e095cd69b9339d9284e89953202b7498c037016e9f8165cec7421644201e05edfa7d263ec575897904289b678a11e02e0441d07edcff2cfa265b2768cc236ed836347e90860500123e3e124bfd329b819274c468fde18ea005c26ac880470be8d1ae0c8295d8dd3a7f7d549b10945cc28500d1a7cc042fbcb69d67b6cde758e6cc2ed94c20d77b44342903c18d15c7b1af681a7491dc5a85a04b70cd8065c7719e323d6c5f1204b725cc804d704ee364eadd2fffa2cc6d41dddab0af398ea9812f25e45f2474d75fd4f3b6bdaccd7c4e96b2fb40c1edb5fa1a48f8242173f096ff874d92b332b363afe8b668c4cdf141861460af38cfae6ae14e04c192c92920156deb207b18b4c9bd818e841e9ddd32e75a5851bbf3dc50f61c6fd8b7ae27dc46a3a9721622e8d97900a1a782649987a1ca8d3768f0a029b49782f3596684ddad28a482e8e964f6360dffcdadb053579b50502b6b07026031fca01c7a24d5eb98abe6a88bb9c5fa233594880d4b411c0b59fc86d56af16b3cbd4aa2a70b79e9c02f0e8a837b4180f1f284ac0b7e0e99c9837bb87b784f9d78338a89f2f0c772e7007241f55d953e9d8f20faf40d008db1aa5781aec3ffc7b28931946e0c6607fb9c86edcf7d14f921f4a5fc297796d30de1c13f17ca61689dd6a3fa9e708ebc17869b43e825c1ca52bfdfeb1e0d21d214e9ee225b20d87ad5970d8c1a2ff411cf055eabd5278bb813757e1bdc92f68e797db936d18fa167fda585e8bd22d7ed5562e803dfd47ee923ca4d7eec75bc688f00852478536e32ec964f1b5ef85b0b69fa29752fdcda1b426d779885fe22b96eb8d78ccebab1a7bfb5d45f37a41b1676200ae89a098f303ab2d9d616d97c538d4439e911c6295b815c2b0f6a99890f3bb10e0daabcb509ba611cadbaacc0e524e584819be4b2aa04533e2e6727662eae524477d881c45232c707abc3b9ca43233173a6561c0cc35813b6c8f8c9e19dd3499a540bcb706e8e0e69023c33487e5a281fc9d35776f0fc6e2a581bd4beaea682072787c7697e00f2dc496d3fd54fc54cae66b2748bb3df8b7d075bb939e29c1d79970000000049454e44ae426082, '', NULL, NULL, 'Dragonite'),
(150, 'PSITICO', NULL, 0x89504e470d0a1a0a0000000d49484452000000500000005004030000007c3fef9e000000017352474200aece1ce900000024504c54450000000000003920523939526a319c9441bdb44aee837b9cb4acc5ded5e6eee6eeffffff04dd498d0000000174524e530040e6d8660000031b4944415448c7edd6416f9b301400605336b1233491488e8bba7b2a774ad02e4523d5ee0bda2f58cf654c72e82d6292cd6e5126e1b7eb2e4bfec2fedc9e8d9b2c8d21bd561a17087c3cfbd90f3b84fc3f9ec5f18a3375f2d8dd09e8c15a9d0aa8cd8d24495a20dc69c88d4bd334b9b6c3b182a2812fd22448d2b92d2440cde80444d3c7d93c20a49ffa165800db402dc5b80918ab533fb6c17abb85420a1de46513cbb1c27b8460e06cdec0c4d236db2a280c34a1fac7d02bb6db8d82a1faf5a603de833a8458aa5c1e9ab4416cf7e78621c4b4cf76f0381b17e1f6578db0dc4327b1c0dff07df3ee8f10e562dc0d3914abb70ab27fa1657ca655957dc2642e194718b7c3894a59083e0ef31decdba0a35d4949981172d10505e78c32df61f8eca20156e885ac475946c20368ab0aa7e7bb2c73026cd9741273b1418275cbb381084e410f4bbc9282ab884ddbd6d151258e872c8353d08d40229cb0a08171cba7e084115400256345b8efa46570063c9218b1cc59b1f2c96e6e8edc50b2a8ae41849416b00ac85970d4bd7c4cbc3c0241dd9a0b1efa241802f8917c5cdc4c701a01ac299605a334d3b30eeb08ae0e614ef5a82cd19181e04c413a5c4f853c849eca14644fdfc47eaa79f6a09ce22b874dbb558dedae9a01aa1062441757019ed3c3645c51e6853475ff2de12a24423c5f3dca9a8ea9e4fa967b394b3f30ca7d4764e131c4f739d517d18fdb749e573223f9f9eb7cb17e0c1d084c5a37b7698a1de6e7a324092ab83cfa027c533b06d619aedeef8f21091e8aece673fa110c4ca665dcb629c02c6d20ebab9057d7a720d7d05edb3b186ba8db8edb36a442224c86a066a723205604ff8a8f43c11a18b76f71ec8b7ace1a18b706242e63231552c3c0efd83527282f74c82ce8dc5e31a47f361af5982eca6e88cbbc96dd900c98de067139cb4e40de40e704c4623757e193617727a77a736bdaee826e25f32741fc7b626a1db3f23b661a1732031d215ab3f11615c8a59939878bbc3591b280878689331066e82d1097bde5febb14bc0d6210b17b360051addbda7682deeeb28205aea4a7fff6211c807c022483a5b3ef7067485cc69f12f0591e7f01756d41b611dde0c10000000049454e44ae426082, '', NULL, NULL, 'Mewtwo'),
(151, 'PSITICO', NULL, 0x89504e470d0a1a0a0000000d49484452000000500000005004030000007c3fef9e000000017352474200aece1ce900000024504c5445000000ffffffffd5eeffb4d5cdcdcdee83b483acf6b462942962e65a295218396a0000008264c1120000000174524e530040e6d866000001ab4944415478daed95bdaadb4010854f671697f70d7449715b1f16615ce5152c06a1ec6308b3085729925aa02c8a5075df60211863f6e552f8270eacb57a009d4ac5b767764633b3c0a2458b26b56a86761657538e7e0658335cfae30c430640f569cb6e07002a69a978f54a5aaa0aafc10100ecf5db99db8148ec95b64ddbf35a3be727c09cdc52fb24a8f6242937f0fe532297545946f21e3a0d5ed355b7641e77782e71f645db07584d809bfdb7af0577ff033190fb5fdfdf6680276e3e7fbedd92b903ea10010bfefe516c3dd03e812652c78224cb01c34702247396622f34ffb27626d6821c2f0711eac23f9c5cac7b54504e84349787932aa3fda89c906c3a0f9cfcebc8402f5293e4ceafad07a006891b6a098e2469ce47008d9338883f018a24a97b8f95a5967864ac0145b2a01e813a7ba7f889e9634eea0aab4d96e9e6f5f4b98e25a90dd43e7baf2666d539a98462802184a91de52a9193bc4ae21994b3988334c99da3a40a21589b5e63a39423826dd23b34f40d703e544970dd372d1cb7e915da5b0f755f042910dd0ccbb56d812e9f113b00e8f3e3bc4746d5e3cce768f458b46851447f01d6519eaf9498a20d0000000049454e44ae426082, '', NULL, NULL, 'Mew');

-- --------------------------------------------------------

--
-- Estructura de tabla para la tabla `pokemon`
--

CREATE TABLE `pokemon` (
  `ID_POKEMON` int(11) NOT NULL,
  `NUM_POKEDEX` int(11) DEFAULT NULL,
  `ID_ENTRENADOR` int(11) DEFAULT NULL,
  `MOTE` varchar(30) DEFAULT NULL,
  `CAJA` int(11) NOT NULL,
  `ATAQUE` int(11) NOT NULL,
  `AT_ESPECIAL` int(11) NOT NULL,
  `DEFENSA` int(11) NOT NULL,
  `DEF_ESPECIAL` int(11) NOT NULL,
  `VELOCIDAD` int(11) NOT NULL,
  `NIVEL` int(11) NOT NULL,
  `FERTILIDAD` int(11) NOT NULL,
  `SEXO` char(1) NOT NULL,
  `ESTADO` varchar(20) NOT NULL,
  `EXPERIENCIA` int(11) NOT NULL,
  `VITALIDAD` int(11) NOT NULL,
  `ID_OBJETO` int(11) DEFAULT NULL
) ENGINE=InnoDB DEFAULT CHARSET=utf8mb4 COLLATE=utf8mb4_general_ci;

--
-- Volcado de datos para la tabla `pokemon`
--

INSERT INTO `pokemon` (`ID_POKEMON`, `NUM_POKEDEX`, `ID_ENTRENADOR`, `MOTE`, `CAJA`, `ATAQUE`, `AT_ESPECIAL`, `DEFENSA`, `DEF_ESPECIAL`, `VELOCIDAD`, `NIVEL`, `FERTILIDAD`, `SEXO`, `ESTADO`, `EXPERIENCIA`, `VITALIDAD`, `ID_OBJETO`) VALUES
(0, 1, NULL, 'Bulbasaur', 1, 49, 65, 49, 65, 45, 1, 0, 'M', 'Sin estado', 0, 45, NULL),
(1, 2, NULL, 'Ivysaur', 1, 62, 80, 63, 80, 60, 16, 0, 'M', 'Sin estado', 10580, 60, NULL),
(2, 3, NULL, 'Venusaur', 1, 82, 100, 83, 100, 80, 32, 0, 'M', 'Sin estado', 76302, 80, NULL),
(3, 4, NULL, 'Charmander', 1, 52, 60, 43, 50, 65, 1, 0, 'H', 'Sin estado', 0, 39, NULL),
(4, 5, NULL, 'Charmeleon', 1, 64, 80, 58, 65, 80, 16, 0, 'H', 'Sin estado', 9076, 58, NULL),
(5, 6, NULL, 'Charizard', 1, 84, 109, 78, 85, 100, 36, 0, 'H', 'Sin estado', 105986, 78, NULL),
(6, 7, NULL, 'Squirtle', 1, 48, 50, 65, 64, 43, 1, 0, 'H', 'Sin estado', 0, 44, NULL),
(7, 8, NULL, 'Wartortle', 1, 63, 65, 80, 80, 58, 16, 0, 'H', 'Sin estado', 9930, 59, NULL),
(8, 9, NULL, 'Blastoise', 1, 83, 85, 100, 105, 78, 36, 0, 'H', 'Sin estado', 99241, 79, NULL),
(9, 10, NULL, 'Caterpie', 1, 30, 20, 35, 20, 45, 1, 0, 'M', 'Sin estado', 0, 45, NULL),
(10, 11, NULL, 'Metapod', 1, 20, 25, 55, 25, 30, 7, 0, 'M', 'Sin estado', 232, 50, NULL),
(11, 12, NULL, 'Butterfree', 1, 45, 90, 50, 80, 70, 10, 0, 'M', 'Sin estado', 747, 60, NULL),
(12, 16, NULL, 'Pidgey', 1, 45, 35, 40, 35, 56, 1, 0, 'M', 'Sin estado', 0, 40, NULL),
(13, 17, NULL, 'Pidgeotto', 1, 60, 50, 55, 50, 71, 18, 0, 'M', 'Sin estado', 2274, 63, NULL),
(14, 18, NULL, 'Pidgeot', 1, 80, 70, 75, 70, 91, 36, 0, 'M', 'Sin estado', 63277, 83, NULL),
(15, 23, NULL, 'Ekans', 1, 60, 40, 44, 53, 55, 1, 0, 'H', 'Sin estado', 0, 35, NULL),
(16, 24, NULL, 'Arbok', 1, 85, 65, 69, 79, 80, 22, 0, 'H', 'Sin estado', 5591, 60, NULL),
(17, 25, NULL, 'Pikachu', 1, 55, 50, 30, 40, 90, 1, 0, 'M', 'Sin estado', 0, 35, NULL),
(18, 26, NULL, 'Raichu', 1, 90, 90, 50, 80, 100, 25, 0, 'M', 'Sin estado', 9575, 60, NULL),
(19, 27, NULL, 'Sandshrew', 1, 75, 20, 85, 30, 40, 1, 0, 'H', 'Sin estado', 0, 50, NULL),
(20, 28, NULL, 'Sandslash', 1, 100, 45, 110, 55, 65, 22, 0, 'H', 'Sin estado', 5591, 75, NULL),
(21, 43, NULL, 'Oddish', 1, 50, 75, 55, 65, 30, 1, 0, 'H', 'Sin estado', 0, 45, NULL),
(22, 44, NULL, 'Gloom', 1, 65, 85, 70, 75, 40, 21, 0, 'H', 'Sin estado', 4844, 60, NULL),
(23, 45, NULL, 'Vileplume', 1, 80, 100, 85, 90, 50, 32, 0, 'H', 'Sin estado', 52754, 75, NULL),
(24, 63, NULL, 'Abra', 1, 20, 105, 15, 55, 90, 1, 0, 'M', 'Sin estado', 0, 25, NULL),
(25, 64, NULL, 'Kadabra', 1, 35, 120, 30, 70, 105, 16, 0, 'M', 'Sin estado', 5202, 40, NULL),
(26, 65, NULL, 'Alakazam', 1, 50, 135, 45, 85, 120, 30, 0, 'M', 'Sin estado', 25547, 55, NULL),
(27, 66, NULL, 'Machop', 1, 80, 35, 50, 35, 35, 1, 0, 'M', 'Sin estado', 0, 70, NULL),
(28, 67, NULL, 'Machoke', 1, 100, 50, 70, 60, 45, 28, 0, 'M', 'Sin estado', 19497, 80, NULL),
(29, 68, NULL, 'Machamp', 1, 130, 65, 80, 85, 55, 38, 0, 'M', 'Sin estado', 77941, 90, NULL),
(30, 92, NULL, 'Gasly', 1, 35, 100, 30, 35, 80, 1, 0, 'H', 'Sin estado', 0, 30, NULL),
(31, 93, NULL, 'Haunter', 1, 50, 115, 45, 55, 95, 25, 0, 'H', 'Sin estado', 8819, 45, NULL),
(32, 94, NULL, 'Gengar', 1, 65, 130, 60, 75, 110, 32, 0, 'H', 'Sin estado', 44563, 60, NULL),
(33, 111, NULL, 'Ryhorn', 1, 85, 30, 95, 30, 25, 1, 0, 'H', 'Sin estado', 0, 80, NULL),
(34, 112, NULL, 'Rhydon', 1, 130, 45, 120, 45, 40, 42, 0, 'H', 'Sin estado', 134117, 105, NULL),
(35, 127, NULL, 'Pinsir', 1, 125, 55, 100, 70, 85, 25, 0, 'H', 'Sin estado', 8819, 65, NULL),
(36, 128, NULL, 'Tauros', 1, 100, 40, 95, 70, 110, 26, 0, 'H', 'Sin estado', 10028, 75, NULL),
(37, 129, NULL, 'Magikarp', 1, 10, 15, 55, 20, 80, 1, 0, 'M', 'Sin estado', 0, 20, NULL),
(38, 130, NULL, 'Gyarados', 1, 125, 60, 79, 100, 81, 20, 0, 'M', 'Sin estado', 6615, 95, NULL),
(39, 131, NULL, 'Lapras', 1, 85, 85, 80, 95, 60, 15, 0, 'H', 'Sin estado', 3559, 130, NULL),
(40, 132, NULL, 'Ditto', 1, 48, 48, 48, 48, 48, 25, 0, 'M', 'Sin estado', 8819, 48, NULL),
(41, 143, NULL, 'Snorlax', 1, 110, 65, 65, 110, 30, 30, 0, 'M', 'Sin estado', 21540, 160, NULL),
(42, 144, NULL, 'Articuno', 1, 140, 150, 140, 180, 140, 50, 0, 'H', 'Sin estado', 118256, 175, NULL),
(43, 145, NULL, 'Zapdos', 1, 140, 180, 135, 140, 150, 50, 0, 'H', 'Sin estado', 118256, 175, NULL),
(44, 146, NULL, 'Moltres', 1, 150, 180, 135, 130, 140, 50, 0, 'M', 'Sin estado', 118256, 175, NULL),
(45, 147, NULL, 'Dratini', 1, 64, 50, 45, 50, 50, 1, 0, 'M', 'Sin estado', 0, 41, NULL),
(46, 148, NULL, 'Dragonair', 1, 84, 70, 65, 70, 70, 30, 0, 'M', 'Sin estado', 24498, 61, NULL),
(47, 149, NULL, 'Dragonite', 1, 200, 165, 160, 165, 145, 55, 0, 'M', 'Sin estado', 171163, 198, NULL),
(48, 150, NULL, 'Mewtwo', 1, 175, 225, 155, 155, 200, 50, 0, 'H', 'Sin estado', 118256, 210, NULL),
(49, 151, NULL, 'Mew', 1, 165, 165, 165, 165, 165, 50, 0, 'M', 'Sin estado', 118256, 205, NULL);

-- --------------------------------------------------------

--
-- Estructura de tabla para la tabla `turnos`
--

CREATE TABLE `turnos` (
  `ID_turno` int(11) NOT NULL,
  `accion_entrenador` varchar(150) NOT NULL,
  `accion_rival` varchar(150) NOT NULL,
  `ID_combate` int(11) DEFAULT NULL
) ENGINE=InnoDB DEFAULT CHARSET=utf8mb4 COLLATE=utf8mb4_general_ci;

--
-- Índices para tablas volcadas
--

--
-- Indices de la tabla `combate`
--
ALTER TABLE `combate`
  ADD PRIMARY KEY (`ID_combate`),
  ADD KEY `ID_entrenador` (`ID_entrenador`);

--
-- Indices de la tabla `entrenador`
--
ALTER TABLE `entrenador`
  ADD PRIMARY KEY (`ID_ENTRENADOR`);

--
-- Indices de la tabla `mochila`
--
ALTER TABLE `mochila`
  ADD PRIMARY KEY (`ID_entrenador`,`ID_objeto`),
  ADD KEY `ID_objeto` (`ID_objeto`);

--
-- Indices de la tabla `movimientos`
--
ALTER TABLE `movimientos`
  ADD PRIMARY KEY (`ID_MOVIMIENTO`);

--
-- Indices de la tabla `movimientos_pokemon`
--
ALTER TABLE `movimientos_pokemon`
  ADD KEY `FK_MOVIMIENTO` (`ID_MOVIMIENTO`),
  ADD KEY `FK_IDPOKE` (`ID_POKEMON`);

--
-- Indices de la tabla `objeto`
--
ALTER TABLE `objeto`
  ADD PRIMARY KEY (`ID_objeto`);

--
-- Indices de la tabla `pokedex`
--
ALTER TABLE `pokedex`
  ADD PRIMARY KEY (`NUM_POKEDEX`);

--
-- Indices de la tabla `pokemon`
--
ALTER TABLE `pokemon`
  ADD PRIMARY KEY (`ID_POKEMON`),
  ADD KEY `FK_NUM` (`NUM_POKEDEX`),
  ADD KEY `FK_OBJETO` (`ID_OBJETO`),
  ADD KEY `FK_ENTRENADORID` (`ID_ENTRENADOR`);

--
-- Indices de la tabla `turnos`
--
ALTER TABLE `turnos`
  ADD PRIMARY KEY (`ID_turno`),
  ADD KEY `ID_combate` (`ID_combate`);

--
-- AUTO_INCREMENT de las tablas volcadas
--

--
-- AUTO_INCREMENT de la tabla `combate`
--
ALTER TABLE `combate`
  MODIFY `ID_combate` int(11) NOT NULL AUTO_INCREMENT;

--
-- AUTO_INCREMENT de la tabla `objeto`
--
ALTER TABLE `objeto`
  MODIFY `ID_objeto` int(11) NOT NULL AUTO_INCREMENT, AUTO_INCREMENT=21;

--
-- AUTO_INCREMENT de la tabla `turnos`
--
ALTER TABLE `turnos`
  MODIFY `ID_turno` int(11) NOT NULL AUTO_INCREMENT;

--
-- Restricciones para tablas volcadas
--

--
-- Filtros para la tabla `combate`
--
ALTER TABLE `combate`
  ADD CONSTRAINT `combate_ibfk_1` FOREIGN KEY (`ID_entrenador`) REFERENCES `entrenador` (`ID_ENTRENADOR`);

--
-- Filtros para la tabla `mochila`
--
ALTER TABLE `mochila`
  ADD CONSTRAINT `mochila_ibfk_1` FOREIGN KEY (`ID_entrenador`) REFERENCES `entrenador` (`ID_ENTRENADOR`),
  ADD CONSTRAINT `mochila_ibfk_2` FOREIGN KEY (`ID_objeto`) REFERENCES `objeto` (`ID_objeto`);

--
-- Filtros para la tabla `movimientos_pokemon`
--
ALTER TABLE `movimientos_pokemon`
  ADD CONSTRAINT `FK_IDPKNM` FOREIGN KEY (`ID_POKEMON`) REFERENCES `pokemon` (`ID_POKEMON`),
  ADD CONSTRAINT `FK_IDPOKE` FOREIGN KEY (`ID_POKEMON`) REFERENCES `pokemon` (`ID_POKEMON`),
  ADD CONSTRAINT `FK_MOVIMIENTO` FOREIGN KEY (`ID_MOVIMIENTO`) REFERENCES `movimientos` (`ID_MOVIMIENTO`);

--
-- Filtros para la tabla `pokemon`
--
ALTER TABLE `pokemon`
  ADD CONSTRAINT `FK_ENTRENADOR` FOREIGN KEY (`ID_ENTRENADOR`) REFERENCES `entrenador` (`ID_ENTRENADOR`),
  ADD CONSTRAINT `FK_ENTRENADORID` FOREIGN KEY (`ID_ENTRENADOR`) REFERENCES `entrenador` (`ID_ENTRENADOR`),
  ADD CONSTRAINT `FK_IDENTRENADOR` FOREIGN KEY (`ID_ENTRENADOR`) REFERENCES `entrenador` (`ID_ENTRENADOR`),
  ADD CONSTRAINT `FK_IDTRAINER` FOREIGN KEY (`ID_ENTRENADOR`) REFERENCES `entrenador` (`ID_ENTRENADOR`),
  ADD CONSTRAINT `FK_NUM` FOREIGN KEY (`NUM_POKEDEX`) REFERENCES `pokedex` (`NUM_POKEDEX`),
  ADD CONSTRAINT `FK_OBJETO` FOREIGN KEY (`ID_OBJETO`) REFERENCES `objeto` (`ID_objeto`),
  ADD CONSTRAINT `FK_POKEMON` FOREIGN KEY (`NUM_POKEDEX`) REFERENCES `pokedex` (`NUM_POKEDEX`);

--
-- Filtros para la tabla `turnos`
--
ALTER TABLE `turnos`
  ADD CONSTRAINT `turnos_ibfk_1` FOREIGN KEY (`ID_combate`) REFERENCES `combate` (`ID_combate`);
COMMIT;

/*!40101 SET CHARACTER_SET_CLIENT=@OLD_CHARACTER_SET_CLIENT */;
/*!40101 SET CHARACTER_SET_RESULTS=@OLD_CHARACTER_SET_RESULTS */;
/*!40101 SET COLLATION_CONNECTION=@OLD_COLLATION_CONNECTION */;
